barcode,cycle,QDischarge,Qcharge,RUL,IR,Tmax,Tavg,Tmin,chargetime,Skewness,Kurtosis,IntegralT,Slope,Intercept
el150800460501,1,1071.3947,1071.3965,527,17.842701,35.571526,32.24694459,30.207869,10.38923,0,0,0,0,0
el150800460501,2,1074.5209,1074.2463,527,17.877026,35.264709,31.89631999,29.57312,10.25766833,0,1,32.07163229,3.1262,1068.2685
el150800460501,3,1076.3631,1076.0298,527,17.716795,35.796535,32.24826833,30.057814,10.25174333,-0.303959373,1.5,64.14392645,2.4842,1069.1245
el150800460501,4,1077.1495,1076.8833,527,17.549239,36.0495,32.45701946,30.371639,10.241185,-0.600003423,1.833055725,96.49657035,1.91066,1070.0804
el150800460501,5,1076.9193,1076.7112,527,17.632106,35.499073,32.0115306,30.01133,10.25837833,-0.933980687,2.329820998,128.7308454,1.36778,1071.16616
el150800460501,6,1077.4249,1077.2169,527,17.494433,35.689548,32.31688872,30.196402,10.24476,-1.148441036,2.833745641,160.895055,1.089502857,1071.815473
el150800460501,7,1077.756,1077.4571,527,17.416727,35.755646,32.35872567,30.134018,10.31985333,-1.30217623,3.304996254,193.2328622,0.908860714,1072.297186
el150800460501,8,1077.4397,1077.1892,527,17.530711,35.421104,31.9598103,29.814636,10.332015,-1.495811648,3.876161047,225.3921302,0.731496429,1072.829279
el150800460501,9,1077.8421,1077.5633,527,17.404091,35.745922,32.25243991,30.016064,10.322975,-1.630412719,4.372084346,257.4982553,0.626786667,1073.178311
el150800460501,10,1077.9557,1077.7233,527,17.322764,35.077785,32.16866069,30.186523,10.317605,-1.749406181,4.852973904,289.7088056,0.545487879,1073.476407
el150800460501,11,1077.7309,1077.4109,527,17.433021,35.418625,32.02439626,29.86463,10.24888833,-1.890132481,5.408527792,321.8053341,0.46613,1073.793838
el150800460501,12,1077.9287,1077.698,527,17.320434,35.293884,32.21120848,29.736614,10.23775667,-2.006236043,5.921972266,353.9231365,0.410026224,1074.036955
el150800460501,13,1078.0791,1077.7929,527,17.32788,35.138115,32.11680353,29.535824,10.31923833,-2.102786588,6.396767741,386.0871425,0.367558242,1074.235138
el150800460501,14,1077.867,1077.5549,527,17.358929,35.43119,32.06017389,29.88578,10.328095,-2.217764909,6.942430629,418.1756312,0.324302418,1074.451418
el150800460501,15,1077.9884,1077.7162,527,17.291524,35.449364,32.26572357,30.074661,10.23885333,-2.319158166,7.460555477,450.3385799,0.291113571,1074.628425
el150800460501,16,1077.9542,1077.7227,527,17.299382,35.139118,32.14992605,29.552122,10.23341,-2.42021721,7.993251866,482.5464047,0.261730294,1074.79493
el150800460501,17,1077.9382,1077.5955,527,17.289005,35.67202,32.24428761,30.116426,10.32788333,-2.519074081,8.533757134,514.7435116,0.236119608,1074.948594
el150800460501,18,1078.0809,1077.8137,527,17.219543,35.782764,32.41747664,30.101826,10.23661167,-2.60422364,9.034855337,547.0743937,0.216508256,1075.072799
el150800460501,19,1077.5136,1077.2384,527,17.18276,35.421093,32.1598697,29.6546,10.227115,-2.701364755,9.618058308,579.3630669,0.190094737,1075.248889
el150800460501,20,1077.8863,1077.6498,527,17.215293,35.738148,32.29914592,30.088472,10.32494333,-2.793043057,10.17307903,611.5925747,0.173459248,1075.365338
el150800460501,21,1078.0296,1077.705,527,17.156335,36.126663,32.44774797,30.228062,10.23422833,-2.873684023,10.69063234,643.9660216,0.160752987,1075.458517
el150800460501,22,1077.5284,1077.2191,527,17.267453,35.491589,32.05506314,29.651659,10.32374333,-2.960685619,11.26842918,676.2174272,0.143361491,1075.591852
el150800460501,23,1077.7373,1077.4293,527,17.215736,35.744785,32.20783919,30.074127,10.24373167,-3.048067101,11.8471638,708.3488783,0.130841206,1075.692014
el150800460501,24,1077.7969,1077.5033,527,17.14211,35.825245,32.2903785,30.159174,10.32175667,-3.132192869,12.41944202,740.5979872,0.120488174,1075.778289
el150800460501,25,1077.2327,1076.9584,527,17.25615,35.418274,31.83452248,29.74864,10.33828167,-3.192123463,12.91679088,772.6604377,0.106108538,1075.902913
el150800460501,26,1077.683,1077.345,527,17.126901,35.760517,32.28642005,30.18704,10.24115667,-3.272689601,13.49556173,804.7209089,0.097743282,1075.9782
el150800460501,27,1077.6073,1077.3594,527,17.070526,35.470955,32.26353315,30.141674,10.15668833,-3.350661055,14.07556051,836.9958855,0.089727656,1076.053013
el150800460501,28,1077.34,1077.0147,527,17.23318,35.606888,32.0126148,29.934526,10.33570833,-3.414528658,14.60761365,869.1339595,0.080673071,1076.14054
el150800460501,29,1077.6042,1077.3215,527,17.140055,35.889091,32.39476805,30.204397,10.32662333,-3.489055571,15.18634607,901.3376509,0.07463266,1076.200945
el150800460501,30,1077.6398,1077.3818,527,17.100725,35.345589,32.29573172,30.264687,10.32285833,-3.562447254,15.76532954,933.6829008,0.069470567,1076.254286
el150800460501,31,1077.3485,1077.0619,527,17.208766,35.70813,32.15697039,30.139303,10.33803333,-3.622631667,16.29706713,965.9092519,0.063063065,1076.322633
el150800460501,32,1077.3146,1077.0061,527,17.109783,35.510792,32.32016703,30.147861,10.33188167,-3.67928665,16.81631004,998.1478206,0.057233229,1076.386761
el150800460501,33,1077.3382,1077.0096,527,17.156309,35.332996,32.13966831,29.553381,10.329495,-3.736852102,17.34439811,1030.377738,0.052221156,1076.443565
el150800460501,34,1077.148,1076.8217,527,17.115308,35.445347,32.20554102,30.084925,10.33759333,-3.776081227,17.77931131,1062.550343,0.046820733,1076.50657
el150800460501,35,1077.2147,1076.893,527,17.15029,35.523666,32.30317604,29.847248,10.25181333,-3.821865656,18.25269851,1094.804701,0.042389328,1076.559746
el150800460501,36,1076.9569,1076.6006,527,17.159984,35.299675,32.13486457,29.381733,10.32595333,-3.835944605,18.54426943,1127.023722,0.037304363,1076.622461
el150800460501,37,1077.1517,1076.853,527,17.127153,35.648991,32.20343033,30.052269,10.25570667,-3.874781013,18.98221308,1159.192869,0.033672688,1076.668462
el150800460501,38,1077.2362,1076.9237,527,17.110951,36.006699,32.41748442,29.854254,10.331545,-3.921251587,19.46539246,1191.503327,0.030790809,1076.705927
el150800460501,39,1076.7977,1076.4924,527,17.087899,35.725525,32.24826279,29.696718,10.23716,-3.910563713,19.59868587,1223.8362,0.026525162,1076.762802
el150800460501,40,1077.0319,1076.7616,527,17.076084,36.106319,32.37849374,30.119604,10.333615,-3.93538093,19.95632953,1256.149578,0.023627936,1076.802397
el150800460501,41,1076.9571,1076.6424,527,16.982924,36.146996,32.47777594,30.54693,10.33272333,-3.950633913,20.25483043,1288.577713,0.020791551,1076.842107
el150800460501,42,1076.3978,1076.1021,527,17.205676,35.845257,32.03599637,29.85453,10.26918833,-3.865324026,19.85405749,1320.834599,0.016414302,1076.904847
el150800460501,43,1076.6069,1076.3829,527,17.053993,35.889698,32.35208337,30.245243,10.25644,-3.827633757,19.79292539,1353.028639,0.013231124,1076.951534
el150800460501,44,1076.7026,1076.409,527,17.071385,35.965935,32.36856784,29.975853,10.33941667,-3.808980926,19.86021902,1385.388965,0.010712629,1076.989311
el150800460501,45,1076.2701,1075.984,527,17.210811,35.818596,32.07498664,29.866364,10.35493667,-3.710280683,19.34384199,1417.610742,0.007230659,1077.042702
el150800460501,46,1076.5254,1076.2388,527,17.091304,35.924603,32.38903759,30.040543,10.25649833,-3.667291396,19.23599427,1449.842754,0.004871977,1077.079654
el150800460501,47,1076.5537,1076.2824,527,17.075932,35.788517,32.37648476,29.840748,10.33423833,-3.631800729,19.1781363,1482.225515,0.002864165,1077.111779
el150800460501,48,1076.086,1075.754,527,17.191254,35.728729,32.00697676,29.829271,10.26832,-3.511581957,18.47870277,1514.417246,-0.000103333,1077.160248
el150800460501,49,1076.2075,1075.9259,527,17.073054,35.792332,32.19202943,29.946054,10.34440333,-3.423801788,18.03211934,1546.516749,-0.002424194,1077.198929
el150800460501,50,1076.2296,1075.9969,527,17.083645,35.546314,32.11993861,29.598785,10.34340167,-3.345846016,17.65786736,1578.672733,-0.00441977,1077.232854
el150800460501,51,1076.0707,1075.7957,527,17.097788,36.038601,32.11140271,30.086748,10.27015667,-3.245467717,17.10802013,1610.788404,-0.006539104,1077.269589
el150800460501,52,1076.0555,1075.7346,527,16.999295,35.804688,32.29676018,30.180006,10.26435833,-3.149615111,16.59200833,1642.992485,-0.008441983,1077.303207
el150800460501,53,1075.9212,1075.7128,527,17.064547,35.753586,32.20864841,29.679674,10.35236,-3.038492147,15.95224407,1675.24519,-0.010401274,1077.338474
el150800460501,54,1075.7895,1075.5014,527,17.094616,36.039642,32.29304573,30.094007,10.35328333,-2.914977966,15.20895884,1707.496037,-0.01239583,1077.375041
el150800460501,55,1075.7251,1075.4646,527,17.029641,36.054424,32.35888947,30.132298,10.347495,-2.791827051,14.46788462,1739.822004,-0.014281876,1077.410247
el150800460501,56,1075.219,1074.9211,527,17.032513,35.804703,32.10686812,29.753328,10.348545,-2.610392099,13.18582653,1772.054883,-0.016897406,1077.459942
el150800460501,57,1075.41,1075.1544,527,17.050037,35.871704,32.27236509,30.145691,10.271255,-2.472068821,12.31751368,1804.2445,-0.018869802,1077.498075
el150800460501,58,1075.6119,1075.2437,527,17.060345,36.109562,32.43676057,29.847424,10.26999333,-2.368982339,11.75274439,1836.599063,-0.020257984,1077.525376
el150800460501,59,1075.1024,1074.7943,527,17.123312,35.993439,32.18346846,29.696154,10.26186167,-2.222845326,10.78886956,1868.909177,-0.022338925,1077.566995
el150800460501,60,1075.2947,1075.037,527,17.036438,35.906799,32.22158044,29.959337,10.27209667,-2.108182662,10.12396597,1901.111702,-0.023866727,1077.59806
el150800460501,61,1075.2494,1074.9613,527,17.041119,35.909622,32.25264059,29.989136,10.35651167,-1.999578755,9.508112873,1933.348812,-0.025283104,1077.627332
el150800460501,62,1074.7839,1074.5146,527,17.179679,35.915798,31.93172522,29.737732,10.37166,-1.870729504,8.660383564,1965.440995,-0.027242981,1077.668489
el150800460501,63,1074.9952,1074.7499,527,17.052025,35.982155,32.20687999,30.156767,10.36268333,-1.765914212,8.066434456,1997.510298,-0.02866706,1077.69887
el150800460501,64,1074.9929,1074.7232,527,17.04533,35.623493,32.27681439,29.89876,10.36235,-1.669965456,7.549001377,2029.752145,-0.029923711,1077.726097
el150800460501,65,1074.7622,1074.3904,527,17.13937,36.032219,32.02267876,29.874857,10.37091167,-1.572419564,6.992312733,2061.901891,-0.031348684,1077.757447
el150800460501,66,1074.9315,1074.6481,527,17.01929,36.302357,32.41184389,30.158037,10.35883,-1.489243134,6.579289354,2094.119153,-0.032375731,1077.780384
el150800460501,67,1074.8588,1074.5844,527,17.118812,35.782181,32.27175703,30.264107,10.35778833,-1.409687018,6.18898016,2126.460953,-0.033366613,1077.802844
el150800460501,68,1074.6067,1074.2978,527,17.118812,36.233768,32.21218069,30.143377,10.28778333,-1.329856154,5.765752137,2158.702922,-0.034552309,1077.830115
el150800460501,69,1074.6129,1074.3372,527,17.022982,36.123493,32.39616812,30.171198,10.28068333,-1.256217873,5.399709544,2191.007096,-0.035587223,1077.854263
el150800460501,70,1074.5972,1074.3557,527,17.064607,35.756733,32.22229238,29.537159,10.36316,-1.187617955,5.075558536,2223.316327,-0.03651192,1077.876147
el150800460501,71,1074.3848,1074.0976,527,17.09917,36.220585,32.22907746,30.038334,10.37323167,-1.122123925,4.747230344,2255.542012,-0.037567086,1077.901471
el150800460501,72,1074.3686,1074.0957,527,17.025428,36.112999,32.32901073,29.999537,10.36512667,-1.060959798,4.458004699,2287.821056,-0.038512338,1077.924473
el150800460501,73,1073.989,1073.6918,527,17.012242,35.837379,32.04008916,29.426264,10.366605,-1.007261865,4.158019695,2320.005606,-0.039760845,1077.955269
el150800460501,74,1074.154,1073.819,527,17.056633,36.297829,32.23010947,30.0128,10.37221,-0.953949741,3.91301285,2352.140705,-0.040689457,1077.978484
el150800460501,75,1074.0712,1073.76,527,16.972167,36.224094,32.35449224,30.266724,10.285025,-0.904367428,3.690156247,2384.433006,-0.041590063,1078.0013
el150800460501,76,1073.5642,1073.3262,527,17.000999,36.14888,32.1246199,29.919859,10.374695,-0.86954505,3.476709098,2416.672562,-0.042898595,1078.034885
el150800460501,77,1073.7661,1073.5078,527,16.99391,36.447445,32.40159229,30.325554,10.290805,-0.82850216,3.289120249,2448.935668,-0.043863224,1078.059966
el150800460501,78,1073.632,1073.3935,527,16.960496,36.074566,32.49804941,30.239271,10.37549167,-0.791862629,3.120700402,2481.385489,-0.044843393,1078.085777
el150800460501,79,1073.2596,1072.9812,527,17.16058,36.139046,32.20302263,29.702007,10.29469833,-0.768147297,2.980133018,2513.736025,-0.046061952,1078.118272
el150800460501,80,1073.5173,1073.157,527,17.024603,36.236385,32.41886755,30.069811,10.37611167,-0.734314675,2.843549046,2546.04697,-0.046910115,1078.141172
el150800460501,81,1073.4749,1073.2468,527,17.036945,36.5457,32.4297486,29.85248,10.373175,-0.701932363,2.720709045,2578.471278,-0.047692909,1078.162569
el150800460501,82,1073.0087,1072.7443,527,17.159546,36.0536,32.06117573,29.865732,10.30498667,-0.684837634,2.628495932,2610.71674,-0.048788751,1078.192887
el150800460501,83,1073.1345,1072.8498,527,17.054835,36.343231,32.32592346,30.019865,10.380315,-0.660674822,2.532540251,2642.91029,-0.049657013,1078.217198
el150800460501,84,1073.1298,1072.8076,527,17.023539,36.131344,32.2793474,29.854616,10.29406667,-0.635735775,2.44338048,2675.212925,-0.050426936,1078.239013
el150800460501,85,1072.8513,1072.5893,527,17.140722,36.312607,32.14266798,29.803934,10.38851667,-0.618910768,2.374460379,2707.423933,-0.051330977,1078.264928
el150800460501,86,1073.0476,1072.7917,527,17.005458,36.83424,32.54753794,30.2236,10.37729667,-0.594350322,2.298112639,2739.769036,-0.051974814,1078.2836
el150800460501,87,1072.7642,1072.5247,527,16.906865,36.063354,32.44829025,30.200724,10.30094,-0.577378516,2.239558747,2772.26695,-0.052756625,1078.306533
el150800460501,88,1072.666,1072.3648,527,17.073438,36.350063,32.29895213,30.197861,10.39517833,-0.561835256,2.187831526,2804.640571,-0.053521142,1078.329214
el150800460501,89,1072.5718,1072.3206,527,17.023936,36.160046,32.4452638,30.035027,10.30402833,-0.547450759,2.141886135,2837.012679,-0.054265735,1078.351551
el150800460501,90,1072.7103,1072.4849,527,17.100714,36.20071,32.39384935,29.656635,10.29988167,-0.527429848,2.088601124,2869.432236,-0.05482056,1078.368381
el150800460501,91,1072.4,1072.1263,527,17.100044,36.353783,32.31373817,29.918556,10.39215,-0.515279545,2.053434772,2901.786029,-0.055522693,1078.389913
el150800460501,92,1072.4738,1072.2486,527,17.061172,36.934685,32.59533966,29.899603,10.298495,-0.499052501,2.012305193,2934.240568,-0.056089331,1078.407479
el150800460501,93,1071.8275,1071.5635,527,16.90297,36.287273,32.20236947,29.683369,10.37972667,-0.503603031,2.021480485,2966.639423,-0.057025275,1078.436805
el150800460501,94,1072.0614,1071.8015,527,17.037986,36.549831,32.39901759,30.085258,10.31164333,-0.494601209,1.997091752,2998.940116,-0.057707266,1078.458402
el150800460501,95,1071.8997,1071.6869,527,17.00213,36.494537,32.48062736,30.280878,10.30833333,-0.488269132,1.980092988,3031.379939,-0.058415497,1078.481065
el150800460501,96,1071.3781,1071.1182,527,17.105786,36.394882,32.11204777,29.675018,10.39667,-0.498359529,2.006124616,3063.676276,-0.05937882,1078.512212
el150800460501,97,1071.6852,1071.4236,527,17.012658,36.586475,32.26296485,30.172268,10.31261167,-0.491527845,1.987566348,3095.863783,-0.060052458,1078.534218
el150800460501,98,1071.6221,1071.3772,527,16.975598,36.317093,32.48408958,30.257761,10.39824167,-0.483959445,1.96831366,3128.23731,-0.06068757,1078.555177
el150800460501,99,1071.1476,1070.8786,527,17.165791,36.264359,32.20038392,29.778004,10.32511333,-0.489279098,1.981977643,3160.579547,-0.061535756,1078.583449
el150800460501,100,1071.4235,1071.1509,527,17.051566,36.307621,32.42842969,30.051641,10.31961667,-0.481348391,1.962219568,3192.893954,-0.062133602,1078.603577
el150800460501,101,1071.5706,1071.3271,527,17.101159,36.863609,32.59121022,29.839622,10.31255167,-0.46788145,1.931846656,3225.403773,-0.062574769,1078.618577
el150800460501,102,1070.9707,1070.7252,527,17.141413,36.538654,32.21580919,29.925301,10.32844,-0.468933545,1.935929581,3257.807283,-0.063297356,1078.643385
el150800460501,103,1071.0962,1070.8315,527,17.015845,36.591946,32.46257968,30.253941,10.31753333,-0.462869154,1.92254315,3290.146478,-0.063872911,1078.663338
el150800460501,104,1070.9875,1070.76,527,16.991043,35.978729,32.37061379,30.200706,10.32044333,-0.457307468,1.910896003,3322.563074,-0.064440524,1078.683204
el150800460501,105,1070.6673,1070.4672,527,17.134942,36.439159,32.20207535,30.026533,10.33236333,-0.458033818,1.914901356,3354.849419,-0.065114189,1078.707007
el150800460501,106,1070.7437,1070.4947,527,17.036179,36.414066,32.48917922,29.996614,10.40726833,-0.453428818,1.905710093,3387.195046,-0.065675573,1078.72703
el150800460501,107,1070.7957,1070.5606,527,17.069997,36.230515,32.34004553,29.561728,10.31790667,-0.445359377,1.889079996,3419.609659,-0.066144963,1078.743928
el150800460501,108,1070.4664,1070.1853,527,17.093742,36.546711,32.19496652,29.916904,10.4181,-0.44323496,1.886763843,3451.877165,-0.066722879,1078.764926
el150800460501,109,1070.4057,1070.1525,527,17.032292,36.373035,32.36353121,30.038174,10.41505667,-0.439966543,1.881735551,3484.156413,-0.067266548,1078.78486
el150800460501,110,1070.3082,1070.1524,527,17.085806,36.206028,32.32747869,29.600098,10.41068833,-0.436602178,1.876616442,3516.501918,-0.067795953,1078.804448
el150800460501,111,1070.2916,1070.0431,527,17.088283,36.758129,32.44614825,29.951355,10.33219,-0.431343033,1.867264589,3548.888732,-0.068272545,1078.822241
el150800460501,112,1070.392,1070.1274,527,17.005358,37.191998,32.70223559,30.185875,10.320135,-0.422270528,1.84997601,3581.462924,-0.068644091,1078.836236
el150800460501,113,1069.7861,1069.5659,527,16.867813,36.561863,32.3953907,29.994566,10.40649,-0.424884616,1.860467633,3614.011737,-0.069246492,1078.859127
el150800460501,114,1069.8758,1069.6228,527,17.019574,36.750843,32.49844915,30.319763,10.3343,-0.422353001,1.857807187,3646.458657,-0.069744994,1078.878236
el150800460501,115,1069.7861,1069.5292,527,17.027702,36.435856,32.61561686,29.915577,10.3378,-0.419500535,1.854412808,3679.01569,-0.070226911,1078.89687
el150800460501,116,1069.3969,1069.149,527,17.142555,36.46769,32.35839153,29.615555,10.324095,-0.423117159,1.866903517,3711.502694,-0.070825341,1078.920209
el150800460501,117,1069.5386,1069.3038,527,17.096343,36.708378,32.47814044,29.941822,10.33747167,-0.420556365,1.863635711,3743.92096,-0.07130124,1078.938928
el150800460501,118,1069.5163,1069.268,527,17.060326,37.093384,32.61565196,29.991714,10.41579,-0.416367689,1.856685951,3776.467856,-0.07173241,1078.956031
el150800460501,119,1068.9796,1068.7546,527,17.17983,36.688259,32.12317635,29.778603,10.43691167,-0.421491609,1.872640807,3808.83727,-0.072337567,1078.980237
el150800460501,120,1069.1663,1068.9545,527,17.058091,36.498909,32.38697053,30.00404,10.42287333,-0.419507429,1.870256515,3841.092344,-0.072805926,1078.999128
el150800460501,121,1069.1702,1067.5055,527,17.082969,36.359699,32.32761106,29.768,10.42345333,-0.415422186,1.863077179,3873.449635,-0.073220265,1079.015977
el150800460501,122,1068.7798,1068.5352,527,17.153116,36.673183,32.18658005,29.933098,10.35334167,-0.416893014,1.86925291,3905.70673,-0.073741378,1079.037343
el150800460501,123,1068.8944,1068.6234,527,17.042294,36.579777,32.4952079,30.174097,10.342705,-0.413766803,1.864174133,3938.047624,-0.07416339,1079.054786
el150800460501,124,1068.8304,1068.5971,527,17.071765,36.077438,32.3497844,29.932135,10.42864167,-0.40996413,1.857707238,3970.47012,-0.074561374,1079.071369
el150800460501,125,1068.5835,1068.3489,527,17.140558,36.632317,32.3871975,30.222132,10.44092167,-0.408698898,1.857270692,4002.838611,-0.075006211,1079.090052
el150800460501,126,1068.6238,1068.3879,527,17.088264,36.673279,32.5577341,29.92297,10.34821667,-0.404831205,1.850817414,4035.311077,-0.075386965,1079.106171
el150800460501,127,1068.6145,1068.3615,527,17.130155,36.427856,32.4425579,29.705265,10.42336333,-0.399587546,1.841538807,4067.811223,-0.075725619,1079.12062
el150800460501,128,1068.3887,1068.1074,527,17.120825,36.760201,32.4027514,30.028971,10.352195,-0.396422551,1.837138189,4100.233878,-0.076103177,1079.136855
el150800460501,129,1068.3116,1068.0588,527,17.056854,36.865078,32.51785604,30.128948,10.348265,-0.392869777,1.831970287,4132.694181,-0.076463801,1079.152482
el150800460501,130,1067.8149,1067.585,527,17.02204,36.438454,32.31635093,29.768843,10.43262833,-0.395896242,1.842492918,4165.111285,-0.076956093,1079.173979
el150800460501,131,1067.9497,1067.6636,527,17.051905,36.591129,32.45914161,30.214087,10.44158667,-0.39432146,1.841480522,4197.499031,-0.077352703,1079.19143
el150800460501,132,1067.8848,1067.5939,527,17.087705,36.482273,32.49674594,29.728018,10.3599,-0.392018356,1.838775892,4229.976975,-0.077727301,1079.208037
el150800460501,133,1067.4592,1067.2292,527,17.176602,36.74799,32.32620686,29.894775,10.44161333,-0.394759271,1.848102617,4262.388451,-0.078202367,1079.229256
el150800460501,134,1067.5787,1067.3252,527,17.041242,36.799778,32.57060459,30.375355,10.35942,-0.393393236,1.847187676,4294.836857,-0.078590904,1079.246741
el150800460501,135,1067.5765,1067.3167,527,17.091596,36.655216,32.6004071,29.869013,10.36199833,-0.390420392,1.842610491,4327.422363,-0.078937463,1079.262451
el150800460501,136,1067.0047,1066.8036,527,17.202981,36.552597,32.36011332,29.6917,10.35915667,-0.394524382,1.855003582,4359.902623,-0.07942767,1079.284837
el150800460501,137,1067.2364,1066.9796,527,17.13712,36.759789,32.53308018,29.883698,10.44720333,-0.392830484,1.852936146,4392.34922,-0.07979798,1079.301872
el150800460501,138,1067.2687,1066.9993,527,17.114984,37.177456,32.5794143,29.843765,10.4389,-0.389204181,1.846586511,4424.905467,-0.080117357,1079.316669
el150800460501,139,1066.7479,1066.4825,527,17.196018,36.795856,32.18440302,29.683033,10.45854667,-0.391369599,1.853848234,4457.287376,-0.080559019,1079.33728
el150800460501,140,1066.9669,1066.7843,527,17.078144,37.154854,32.63494286,30.142099,10.36168,-0.388603103,1.849284625,4489.697049,-0.08089097,1079.352882
el150800460501,141,1066.7403,1066.5613,527,17.038845,36.402702,32.43023919,30.266594,10.447385,-0.387363124,1.848285248,4522.22964,-0.081252659,1079.370002
el150800460501,142,1066.3719,1066.113,527,17.238695,36.732998,32.2190324,29.706999,10.46595333,-0.389532557,1.855349581,4554.554276,-0.081684124,1079.390568
el150800460501,143,1066.5313,1066.2346,527,17.152349,36.960361,32.50896083,30.069275,10.45653167,-0.387718006,1.852759488,4586.918272,-0.082027492,1079.40705
el150800460501,144,1066.3993,1066.2432,527,17.077606,36.303398,32.368113,29.84165,10.45072167,-0.386116209,1.850705629,4619.356809,-0.08237111,1079.423658
el150800460501,145,1066.2056,1065.9618,527,17.162878,36.807167,32.28747842,29.92808,10.3836,-0.385464529,1.850860392,4651.684605,-0.082732258,1079.441234
el150800460501,146,1066.1495,1065.9208,527,17.103424,36.733028,32.58853475,30.111645,10.45864333,-0.384002203,1.849119985,4684.122611,-0.083071319,1079.457848
el150800460501,147,1066.1114,1065.8644,527,17.167717,36.441757,32.4663033,29.553467,10.45596333,-0.381626021,1.845356434,4716.65003,-0.083384327,1079.47329
el150800460501,148,1065.8989,1065.6626,527,17.175004,36.85754,32.46452682,30.165993,10.46877333,-0.380404525,1.844276536,4749.115445,-0.083719945,1079.489959
el150800460501,149,1065.8396,1065.6399,527,17.145805,37.022457,32.70610154,30.160654,10.37764,-0.378506204,1.841672564,4781.70076,-0.084035673,1079.505745
el150800460501,150,1065.2682,1065.0281,527,17.144933,36.677494,32.4727422,29.744177,10.45289167,-0.382083053,1.852065807,4814.290182,-0.084468042,1079.527508
el150800460501,151,1065.4922,1065.2266,527,17.120052,36.942547,32.57276523,30.314459,10.46720333,-0.381121194,1.851255437,4846.812935,-0.084802819,1079.54447
el150800460501,152,1065.3816,1065.1594,527,17.092684,36.598625,32.60182611,30.013367,10.47157833,-0.380028254,1.850145172,4879.400231,-0.08513121,1079.561218
el150800460501,153,1064.9593,1064.6681,527,17.250327,36.731552,32.34592814,29.711536,10.38437833,-0.382345496,1.857065283,4911.874108,-0.085532749,1079.58183
el150800460501,154,1065.1041,1064.8961,527,17.140117,36.786915,32.54997259,30.13434,10.47113667,-0.381385282,1.856018413,4944.322058,-0.085860948,1079.598787
el150800460501,155,1065.1472,1064.8979,527,17.155701,36.91111,32.65774388,29.84041,10.46877333,-0.378743876,1.851238315,4976.925917,-0.086144606,1079.613537
el150800460501,156,1064.2734,1064.3724,527,17.27204,36.743687,32.20783335,29.626667,10.48636167,-0.384572627,1.866821282,5009.358705,-0.086610451,1079.637917
el150800460501,157,1064.8347,1064.6051,527,17.136732,36.894321,32.54362524,30.134806,10.47465833,-0.382297072,1.862454617,5041.734435,-0.086902003,1079.653272
el150800460501,158,1064.7748,1064.6015,527,17.151628,36.992367,32.65662705,29.843966,10.38734833,-0.379514846,1.8571062,5074.334561,-0.087176175,1079.667803
el150800460501,159,1064.3241,1064.1702,527,17.216656,37.046043,32.42627087,29.894899,10.482285,-0.380029534,1.85933979,5106.87601,-0.087525866,1079.686453
el150800460501,160,1064.4243,1064.2006,527,17.130585,37.084675,32.65276659,30.124882,10.39220833,-0.378238048,1.856225406,5139.415528,-0.087818882,1079.702178
el150800460501,161,1064.2971,1064.1586,527,17.116133,36.531521,32.5284046,30.093214,10.469705,-0.376525958,1.853365138,5172.006114,-0.088110172,1079.717908
el150800460501,162,1064.0346,1063.8161,527,17.229788,36.889755,32.33311282,29.970106,10.493975,-0.376141606,1.853566411,5204.436873,-0.088430431,1079.735308
el150800460501,163,1064.0419,1063.8217,527,17.162565,36.925762,32.51535823,29.982235,10.48362667,-0.374497658,1.85090186,5236.861108,-0.088717558,1079.751005
el150800460501,164,1064.0082,1063.8137,527,17.200649,36.596741,32.38533315,29.473261,10.47933667,-0.372108953,1.846665178,5269.311454,-0.088982109,1079.765555
el150800460501,165,1063.786,1063.5322,527,17.248414,36.944054,32.42738054,30.095575,10.4107,-0.370647981,1.844573695,5301.717811,-0.089266339,1079.781282
el150800460501,166,1063.7226,1063.6135,527,17.188165,37.084019,32.62800708,29.879667,10.48578,-0.368694543,1.841436853,5334.245505,-0.089534819,1079.796228
el150800460501,167,1063.4637,1063.2461,527,17.19705,36.577618,32.46428069,29.476244,10.47399,-0.36794091,1.841039922,5366.791648,-0.089829989,1079.812757
el150800460501,168,1063.3554,1063.1592,527,17.199147,36.705971,32.37132928,29.953327,10.41465667,-0.367020522,1.840256061,5399.209453,-0.090118645,1079.829018
el150800460501,169,1063.3779,1063.1623,527,17.199147,36.95063,32.47876684,29.832964,10.48991,-0.364885301,1.836789547,5431.634501,-0.090373653,1079.843469
el150800460501,170,1062.8994,1062.633,527,17.246217,36.841251,32.35786141,29.592409,10.399695,-0.365771072,1.84022316,5464.052816,-0.090699876,1079.862064
el150800460501,171,1063.1236,1062.916,527,17.181709,37.186802,32.56103349,30.090601,10.40959667,-0.363645348,1.836738377,5496.512263,-0.090950546,1079.876435
el150800460501,172,1063.1555,1062.9154,527,17.159207,37.416824,32.72109046,30.051859,10.40512167,-0.360427906,1.831012887,5529.153325,-0.091167801,1079.888964
el150800460501,173,1062.5011,1062.3358,527,17.333653,36.976753,32.37877768,29.780045,10.42057833,-0.361493362,1.8349463,5561.703259,-0.091489873,1079.907644
el150800460501,174,1062.8453,1062.5497,527,17.200917,37.279572,32.72673803,30.047094,10.50151333,-0.358757012,1.830246956,5594.256017,-0.091715116,1079.920783
el150800460501,175,1062.817,1062.5939,527,17.171437,37.663853,32.77824237,30.064821,10.48933333,-0.355455661,1.824480642,5627.008507,-0.09192037,1079.932825
el150800460501,176,1062.2338,1061.9984,527,17.289232,37.194141,32.41765481,29.845222,10.513055,-0.35566074,1.826514093,5659.606456,-0.092213328,1079.950109
el150800460501,177,1062.2936,1062.0809,527,17.153768,37.196892,32.68691926,30.20682,10.41876333,-0.354374918,1.825117307,5692.158743,-0.092467518,1079.965191
el150800460501,178,1062.1862,1062.0033,527,17.143801,36.629395,32.57041746,30.194345,10.50467833,-0.35297181,1.823479061,5724.787411,-0.092716047,1079.98002
el150800460501,179,1061.9084,1061.65,527,17.296076,36.952995,32.34950139,29.799013,10.43279,-0.352694178,1.824364531,5757.247371,-0.092990804,1079.996505
el150800460501,180,1062.0011,1061.7667,527,17.214745,37.048889,32.55082563,29.659361,10.50597833,-0.35081588,1.821672098,5789.697534,-0.093222307,1080.010473
el150800460501,181,1061.9844,1061.7815,527,17.230596,36.897877,32.46766939,29.670485,10.498095,-0.348267963,1.817608138,5822.206782,-0.093432283,1080.023211
el150800460501,182,1061.6534,1061.4344,527,17.273854,37.11277,32.46211556,29.93786,10.51694833,-0.34718117,1.816775747,5854.671674,-0.093678209,1080.038213
el150800460501,183,1061.7234,1061.4991,527,17.212152,37.583218,32.73748075,30.052622,10.42276,-0.3448073,1.813171658,5887.271472,-0.093886994,1080.051018
el150800460501,184,1061.3844,1061.2487,527,17.095264,37.067234,32.54127357,29.578579,10.50538,-0.343908738,1.812823039,5919.910849,-0.094132248,1080.066142
el150800460501,185,1061.2909,1061.1718,527,17.272141,37.387505,32.57762278,29.870085,10.51775,-0.342784695,1.811964608,5952.470298,-0.094369524,1080.080853
el150800460501,186,1061.4133,1061.1577,527,17.199762,37.854172,32.81702436,30.05344,10.42275333,-0.340111631,1.807805056,5985.167621,-0.094561834,1080.092841
el150800460501,187,1060.7018,1060.5859,527,17.087976,37.2015,32.52727781,29.812271,10.42435167,-0.341361986,1.812382768,6017.839772,-0.094853331,1080.111108
el150800460501,188,1060.9334,1060.7237,527,17.217217,37.349621,32.69389906,30.256201,10.437605,-0.340081323,1.811124086,6050.450361,-0.095080498,1080.125419
el150800460501,189,1060.8847,1060.6682,527,17.177155,37.379883,32.7126856,30.247553,10.51866167,-0.338339526,1.808885546,6083.153653,-0.095292779,1080.138864
el150800460501,190,1060.3685,1060.1332,527,17.293962,37.161285,32.42638985,29.570581,10.521155,-0.339115478,1.812257387,6115.723191,-0.095568018,1080.156387
el150800460501,191,1060.6283,1060.4702,527,17.201254,37.596779,32.79298993,30.081371,10.51478667,-0.337356989,1.809913796,6148.332881,-0.095776558,1080.169734
el150800460501,192,1060.564,1060.419,527,17.133223,37.758862,32.77377428,30.322474,10.51468833,-0.335282823,1.806944779,6181.116263,-0.095973552,1080.182407
el150800460501,193,1059.9141,1059.7687,527,17.322903,37.154324,32.2598379,29.755241,10.545015,-0.336470233,1.811233413,6213.633069,-0.09625325,1080.200494
el150800460501,194,1060.1635,1059.9117,527,17.192123,37.293034,32.61615046,30.250486,10.44439167,-0.335201476,1.809904167,6246.071063,-0.096469565,1080.214555
el150800460501,195,1060.0138,1059.8466,527,17.187038,37.00156,32.59675726,30.167545,10.44853667,-0.334076918,1.808900136,6278.677517,-0.096687648,1080.228803
el150800460501,196,1059.6389,1059.4107,527,17.340498,37.236141,32.34641432,29.786558,10.46333667,-0.334420223,1.811141331,6311.149103,-0.096942355,1080.245529
el150800460501,197,1059.8158,1059.655,527,17.222797,37.559055,32.7367268,30.152491,10.53077,-0.332920557,1.809265073,6343.690673,-0.09714726,1080.259052
el150800460501,198,1059.6983,1059.5136,527,17.143663,36.926548,32.71408127,30.589191,10.44185167,-0.331394775,1.807362717,6376.416077,-0.097349117,1080.272442
el150800460501,199,1059.4267,1059.1713,527,17.310413,37.354809,32.48364036,29.924404,10.545645,-0.330690017,1.807255365,6409.014938,-0.097571217,1080.287249
el150800460501,200,1059.3536,1059.1785,527,17.209077,37.506374,32.72348069,30.25296,10.53348667,-0.32966651,1.806441211,6441.618499,-0.097783069,1080.301443
el150800460501,201,1059.1875,1058.9401,527,17.170507,37.251019,32.57297132,30.192408,10.456555,-0.328850611,1.806077122,6474.266725,-0.097998755,1080.315966
el150800460501,202,1058.9917,1058.764,527,17.262768,37.561455,32.54719635,30.015297,10.46251833,-0.328390471,1.806477999,6506.826808,-0.098222407,1080.3311
el150800460501,203,1058.9535,1058.7239,527,17.183589,37.720943,32.76293946,30.374512,10.53819333,-0.327418446,1.80574002,6539.481876,-0.098430818,1080.345272
el150800460501,204,1058.5216,1058.3148,527,17.15559,37.008259,32.40989347,29.398655,10.46633833,-0.328087928,1.808623564,6572.068293,-0.098681002,1080.362367
el150800460501,205,1058.5794,1058.3702,527,17.313287,37.404133,32.59281646,30.183773,10.47148333,-0.327645895,1.808948009,6604.569648,-0.098901703,1080.377522
el150800460501,206,1058.5274,1058.3063,527,17.253503,37.438046,32.75126442,30.246155,10.549445,-0.326775281,1.808318675,6637.241688,-0.099109438,1080.391856
el150800460501,207,1058.0449,1057.8246,527,17.269013,37.422993,32.54674551,29.790771,10.463965,-0.327762691,1.811804869,6669.890693,-0.099364636,1080.40955
el150800460501,208,1058.2857,1058.0391,527,17.267937,37.613441,32.75284822,30.32432,10.5529,-0.326712066,1.810690952,6702.54049,-0.099565593,1080.42355
el150800460501,209,1058.1341,1057.9489,527,17.209005,37.469688,32.81309576,30.354523,10.47015167,-0.32577383,1.809829547,6735.323462,-0.09976795,1080.437715
el150800460501,210,1057.6495,1057.4515,527,17.422367,37.179249,32.48000262,29.738876,10.570995,-0.326633442,1.812937039,6767.970011,-0.10001669,1080.455209
el150800460501,211,1057.8703,1057.6677,527,17.306447,37.359661,32.74225012,30.031536,10.55742667,-0.325631123,1.81185798,6800.581138,-0.100215392,1080.469251
el150800460501,212,1057.9654,1057.7198,527,17.274227,38.000538,32.86605136,30.104498,10.548665,-0.323599986,1.808639942,6833.385288,-0.100382571,1080.481121
el150800460501,213,1057.3227,1057.1239,527,17.362347,37.527637,32.44154598,29.814098,10.57140333,-0.324042569,1.810786919,6866.039087,-0.10061647,1080.497806
el150800460501,214,1057.4888,1057.2851,527,17.243076,37.758595,32.8217672,30.366146,10.47223667,-0.322989009,1.809609025,6898.670744,-0.100809091,1080.51161
el150800460501,215,1057.2451,1057.0716,527,17.158234,36.841194,32.6482821,30.146519,10.564115,-0.322463087,1.809575529,6931.405768,-0.101014848,1080.526424
el150800460501,216,1057.0194,1056.7735,527,17.380303,37.187958,32.36376303,30.045784,10.49379667,-0.32235733,1.810443431,6963.911791,-0.101230902,1080.542052
el150800460501,217,1056.947,1056.7139,527,17.263671,37.239479,32.60662205,30.135162,10.567275,-0.321933446,1.810585121,6996.396983,-0.101437381,1080.557057
el150800460501,218,1056.8099,1056.5984,527,17.279172,37.004261,32.55287235,29.942921,10.57201667,-0.321508241,1.81070791,7028.97673,-0.10164271,1080.572046
el150800460501,219,1056.5454,1056.2899,527,17.346613,37.548946,32.5239011,30.097464,10.498275,-0.321661856,1.812079844,7061.515117,-0.101862747,1080.588182
el150800460501,220,1056.5566,1056.3362,527,17.27578,37.470604,32.75509242,30.397264,10.57241,-0.321113539,1.811878798,7094.154614,-0.102062884,1080.602925
el150800460501,221,1056.3571,1056.1721,527,17.308846,37.30764,32.59544937,29.587452,10.57795167,-0.320842468,1.81226994,7126.829885,-0.102269552,1080.618218
el150800460501,222,1056.2706,1056.0343,527,17.352009,37.678711,32.71359406,30.093994,10.57667333,-0.320338101,1.812136317,7159.484407,-0.102468774,1080.633027
el150800460501,223,1056.1745,1055.9553,527,17.268663,37.580601,32.82085487,30.413157,10.49034,-0.319658377,1.811618421,7192.251631,-0.102661918,1080.647449
el150800460501,224,1055.7888,1055.5701,527,17.255496,37.204597,32.56187357,29.688824,10.49885833,-0.320059503,1.813454824,7224.942995,-0.10288363,1080.664077
el150800460501,225,1055.8369,1055.6037,527,17.320344,37.418571,32.66258864,30.14155,10.58441833,-0.319612942,1.813386567,7257.555226,-0.103081667,1080.678996
el150800460501,226,1055.7413,1055.518,527,17.32051,37.432125,32.69869844,30.079185,10.49692833,-0.318988602,1.812928119,7290.23587,-0.103273617,1080.69352
el150800460501,227,1055.3393,1055.1333,527,17.443078,37.327557,32.49826333,29.584988,10.57898833,-0.319477922,1.814897076,7322.834351,-0.103495169,1080.710358
el150800460501,228,1055.5155,1054.9783,527,17.333047,37.630077,32.66158726,29.856348,10.49889167,-0.31861793,1.81388509,7355.414276,-0.1036788,1080.724375
el150800460501,229,1055.4041,1055.1813,527,17.263044,37.93119,32.89044472,30.527176,10.58068667,-0.317670868,1.812702187,7388.190292,-0.103858542,1080.738155
el150800460501,230,1054.8763,1054.7005,527,17.465765,37.500458,32.4784792,29.843311,10.60644833,-0.31832165,1.815002222,7420.874754,-0.104081511,1080.755324
el150800460501,231,1055.1044,1054.9006,527,17.301617,37.822586,32.85602279,30.20599,10.58692167,-0.317441209,1.813917821,7453.542005,-0.104261548,1080.769247
el150800460501,232,1054.9402,1054.7339,527,17.271481,37.688507,32.85574815,30.471231,10.58675833,-0.316676842,1.813093433,7486.397891,-0.104443623,1080.783388
el150800460501,233,1054.5038,1054.3133,527,17.422544,37.830276,32.58907022,30.02519,10.52208833,-0.317090174,1.814826683,7519.1203,-0.104657579,1080.800077
el150800460501,234,1054.6081,1054.359,527,17.265072,37.724758,32.90260865,30.443888,10.59044167,-0.316507525,1.814351616,7551.866139,-0.104843297,1080.814625
el150800460501,235,1054.3921,1054.2225,527,17.270323,36.990322,32.75295994,30.010731,10.60649833,-0.316218462,1.81450693,7584.693923,-0.105036339,1080.829811
el150800460501,236,1054.1506,1053.9625,527,17.450001,37.651657,32.60515408,30.064274,10.614585,-0.316306771,1.815468402,7617.37298,-0.105239153,1080.845833
el150800460501,237,1054.177,1053.9408,527,17.36436,37.649597,32.83371317,29.996462,10.59822833,-0.315742797,1.814994995,7650.092414,-0.105422873,1080.860408
el150800460501,238,1054.1637,1053.9863,527,17.384484,37.424061,32.73594717,29.749228,10.58803,-0.31472818,1.813573503,7682.877244,-0.105592283,1080.873904
el150800460501,239,1053.7233,1053.5284,527,17.431961,37.676823,32.54122776,29.916531,10.614295,-0.314826973,1.814550855,7715.515832,-0.105792498,1080.889921
el150800460501,240,1053.6381,1053.4616,527,17.316295,37.535748,32.76092348,30.322086,10.60487333,-0.314692792,1.814993964,7748.166907,-0.105985612,1080.905435
el150800460501,241,1053.3143,1053.0627,527,17.330762,37.071308,32.37547371,29.458433,10.53139,-0.315215228,1.816855585,7780.735106,-0.106196366,1080.922436
el150800460501,242,1053.3222,1053.1144,527,17.407902,37.361641,32.49944288,30.021332,10.61937833,-0.315142192,1.817367986,7813.172564,-0.106390297,1080.938144
el150800460501,243,1053.2255,1053.0857,527,17.391337,37.382332,32.7667593,29.973988,10.61315667,-0.314891161,1.817478838,7845.805665,-0.106578498,1080.953451
el150800460501,244,1052.7463,1052.4939,527,17.479269,37.357697,32.50172112,29.584332,10.52096333,-0.315846854,1.820231589,7878.439906,-0.106799508,1080.9715
el150800460501,245,1052.9276,1052.7368,527,17.387321,37.905346,32.7367578,30.291824,10.61623833,-0.315576363,1.820228849,7911.059145,-0.106986469,1080.986831
el150800460501,246,1052.7364,1052.5696,527,17.307252,37.747322,32.91805023,30.470146,10.61451167,-0.315464347,1.820561098,7943.886549,-0.107177222,1081.002537
el150800460501,247,1052.264,1052.0375,527,17.472124,37.450073,32.57426473,29.763062,10.63167167,-0.316497669,1.823405485,7976.632706,-0.107399153,1081.020883
el150800460501,248,1050.1547,889.95308,527,18.155085,37.45079,32.61768923,29.616302,508.0343333,-0.325911146,1.847244715,8009.228683,-0.107810268,1081.055005
el150800460501,249,1050.6573,1048.2199,527,17.415207,37.908878,32.93847248,29.728167,10.63147333,-0.331669417,1.860932671,8042.006764,-0.10815272,1081.083543
el150800460501,250,1050.3902,1049.5906,527,17.291714,37.400162,32.62672783,29.755198,10.61331167,-0.337581508,1.874756332,8074.789364,-0.108502218,1081.112784
el150800460501,251,1050.7129,1050.2625,527,17.374925,37.736092,32.70249365,29.959637,10.55285833,-0.341166783,1.882486751,8107.453975,-0.108802524,1081.13801
el150800460501,252,1050.8924,1050.5296,527,17.33819,38.004982,32.85894805,29.963408,10.62250667,-0.343282049,1.88656063,8140.234696,-0.109068605,1081.16045
el150800460501,253,1050.5347,1050.1887,527,17.416039,37.378494,32.50267245,29.537165,10.625195,-0.34602686,1.89205613,8172.915506,-0.109351639,1081.184413
el150800460501,254,1050.7975,1050.503,527,17.417779,37.662243,32.6791209,29.845354,10.63544833,-0.347127441,1.893621114,8205.506403,-0.109593566,1081.204977
el150800460501,255,1049.732,1050.6763,527,17.387701,37.923767,32.85293054,29.797144,10.53885667,-0.351502439,1.903000234,8238.272429,-0.109917704,1081.232637
el150800460501,256,1050.3762,1050.0884,527,17.466443,37.518753,32.37280632,29.684916,10.56899167,-0.352711705,1.904619326,8270.885297,-0.11016553,1081.253867
el150800460501,257,1050.5877,1050.3114,527,17.381862,37.650345,32.66307894,29.798265,10.633585,-0.352660355,1.903400575,8303.40324,-0.110378509,1081.272183
el150800460501,258,1050.635,1050.2996,527,17.353054,37.636749,32.64232145,29.943026,10.63148167,-0.351983676,1.90086878,8336.05594,-0.110572415,1081.288924
el150800460501,259,1050.1927,1049.9378,527,17.492956,37.41824,32.37341781,29.645338,10.56663333,-0.352194562,1.900322523,8368.56381,-0.11079142,1081.307904
el150800460501,260,1050.3893,1050.1024,527,17.414559,37.622486,32.67313766,29.825844,10.64192167,-0.351331988,1.89747712,8401.087087,-0.110978231,1081.324157
el150800460501,261,1050.3789,1050.173,527,17.409932,37.312042,32.66424243,29.905592,10.54792,-0.350086882,1.893895606,8433.755777,-0.111151956,1081.339329
el150800460501,262,1050.017,1049.78,527,17.439989,37.550011,32.6371678,29.942898,10.65363167,-0.349465878,1.891705599,8466.406482,-0.111343566,1081.356127
el150800460501,263,1050.0025,1049.7668,527,17.404603,37.549377,32.790901,29.970249,10.56447667,-0.348463592,1.888758489,8499.120517,-0.111522469,1081.37187
el150800460501,264,1050.0743,1049.8196,527,17.447188,37.350689,32.73088027,29.600147,10.55085,-0.346881406,1.884675454,8531.881408,-0.111681615,1081.385928
el150800460501,265,1049.6898,1049.4287,527,17.482439,37.554115,32.6516652,29.885811,10.65420333,-0.345968523,1.882064365,8564.57268,-0.111860406,1081.401781
el150800460501,266,1049.6463,1049.3942,527,17.446512,37.812126,32.81384458,29.857037,10.56171167,-0.344782447,1.878936947,8597.305435,-0.11202942,1081.416823
el150800460501,267,1049.1817,1048.8988,527,17.385866,37.410252,32.56401775,29.570349,10.55537833,-0.344474791,1.877738642,8629.994366,-0.112224227,1081.434226
el150800460501,268,1049.2815,1049.0599,527,17.449383,37.602345,32.62177228,29.790186,10.5751,-0.343476208,1.875094728,8662.587261,-0.112397059,1081.449723
el150800460501,269,1049.3217,1049.0516,527,17.445281,38.032608,32.80475246,29.84709,10.65059667,-0.342004165,1.871523361,8695.300524,-0.112553458,1081.463799
el150800460501,270,1048.8219,1048.5791,527,17.460028,37.533546,32.64298363,29.508322,10.561455,-0.341475381,1.870000129,8728.024392,-0.112738162,1081.480484
el150800460501,271,1048.9264,1048.6991,527,17.449256,37.817081,32.76262969,30.025791,10.578285,-0.340281823,1.867105602,8760.727198,-0.112901124,1081.495259
el150800460501,272,1048.9128,1048.6679,527,17.443385,38.149891,32.90108479,29.866899,10.65599167,-0.338774214,1.863621168,8793.559056,-0.113052494,1081.509034
el150800460501,273,1048.4046,1048.1393,527,17.546572,37.811028,32.50865514,29.77766,10.59577667,-0.33820434,1.862164042,8826.263926,-0.113232257,1081.525452
el150800460501,274,1048.5228,1048.3166,527,17.455503,37.683834,32.79419115,30.121185,10.667875,-0.336957703,1.859311828,8858.915349,-0.113389683,1081.539883
el150800460501,275,1048.5117,1048.298,527,17.455503,37.907269,32.82696101,29.958344,10.58114167,-0.335403788,1.855883435,8891.725925,-0.113535614,1081.553308
el150800460501,276,1048.0636,1047.8499,527,17.564945,37.600594,32.59283005,29.708744,10.67546333,-0.334610366,1.854096148,8924.43582,-0.113704651,1081.568916
el150800460501,277,1048.2287,1048.0049,527,17.493909,38.095245,32.86730553,29.692862,10.66605,-0.333068765,1.850790451,8957.165888,-0.113848331,1081.582231
el150800460501,278,1048.1361,1047.9376,527,17.39895,37.597363,32.82350994,30.011835,10.652445,-0.331433496,1.847355564,8990.011296,-0.113987287,1081.595154
el150800460501,279,1047.7582,1047.5509,527,17.532073,37.916821,32.6283627,29.913412,10.60176,-0.330369834,1.84515533,9022.737232,-0.114143547,1081.609738
el150800460501,280,1047.6794,1047.4916,527,17.446725,37.779057,32.77074523,30.022968,10.58879167,-0.329158584,1.842687968,9055.436786,-0.114293787,1081.62381
el150800460501,281,1047.5131,1047.2604,527,17.445708,37.461136,32.51110184,29.246206,10.67121167,-0.328009973,1.840393379,9088.07771,-0.114444779,1081.638004
el150800460501,282,1047.3287,1047.0998,527,17.542787,37.732708,32.56639377,29.657833,10.60225,-0.326962978,1.838349281,9120.616457,-0.114597841,1081.652442
el150800460501,283,1047.3392,1047.1088,527,17.484201,38.263912,32.85779711,29.789955,10.58935667,-0.32557145,1.835629997,9153.328553,-0.114738342,1081.665743
el150800460501,284,1046.7637,1046.5477,527,17.367894,37.733788,32.58753034,29.576393,10.670105,-0.32518968,1.83507209,9186.051217,-0.114910051,1081.682055
el150800460501,285,1046.8673,1046.6892,527,17.513597,38.129604,32.78957852,30.079943,10.60523833,-0.324211909,1.833260466,9218.739771,-0.115062085,1081.696549
el150800460501,286,1046.7834,1046.5791,527,17.446615,38.393192,32.9542474,30.152821,10.59598333,-0.323101836,1.83120366,9251.611684,-0.115208675,1081.710573
el150800460501,287,1046.213,1045.9833,527,17.572381,37.626953,32.54150739,29.633944,10.69329333,-0.322971346,1.831256401,9284.359561,-0.115385263,1081.727526
el150800460501,288,1046.2264,1046.0056,527,17.543258,37.657051,32.71051803,29.904964,10.69668833,-0.322442413,1.830448903,9316.985574,-0.115548915,1081.743291
el150800460501,289,1046.2021,1045.9669,527,17.534686,37.575855,32.72813954,29.843109,10.69774667,-0.321628593,1.829050486,9349.704903,-0.115702659,1081.758153
el150800460501,290,1045.7677,1045.5379,527,17.590731,37.777584,32.59356976,29.80559,10.71606333,-0.321460708,1.829049494,9382.365758,-0.115875903,1081.774957
el150800460501,291,1045.849,1045.4451,527,17.489253,37.900879,32.80577637,29.958015,10.69685,-0.320756483,1.827899795,9415.065431,-0.116031677,1081.790119
el150800460501,292,1045.7791,1045.561,527,17.502001,37.737961,32.75743227,29.587391,10.692145,-0.319882178,1.826410013,9447.847035,-0.116181037,1081.804707
el150800460501,293,1045.3447,1045.1146,527,17.609358,37.864838,32.55387494,29.763477,10.71242833,-0.319636603,1.826275881,9480.502689,-0.116349524,1081.821219
el150800460501,294,1045.3469,1045.1697,527,17.510626,37.979023,32.8665525,30.035263,10.62370333,-0.319042499,1.825396491,9513.212902,-0.116506394,1081.836644
el150800460501,295,1045.2549,1045.09,527,17.520262,37.825706,32.76021572,29.675562,10.70152667,-0.318322977,1.824264175,9546.026286,-0.116658411,1081.851643
el150800460501,296,1044.8852,1044.6787,527,17.612888,37.730221,32.62834858,29.797617,10.719735,-0.318075267,1.824150687,9578.720569,-0.116824638,1081.8681
el150800460501,297,1044.8835,1044.6866,527,17.585076,38.050068,32.88333859,29.711651,10.70972833,-0.317495214,1.823326632,9611.476412,-0.116979724,1081.883505
el150800460501,298,1044.5858,1044.3803,527,17.544605,37.582382,32.72214035,29.450504,10.61626,-0.317223345,1.823169448,9644.279152,-0.117143879,1081.899866
el150800460501,299,1044.337,1044.2021,527,17.604224,37.734375,32.71959559,29.976444,10.72654167,-0.317145638,1.823429765,9677.00002,-0.117313567,1081.916834
el150800460501,300,1044.3548,1044.1685,527,17.585685,37.992405,32.88260304,29.84614,10.718555,-0.316691339,1.822873861,9709.801119,-0.117470907,1081.932621
el150800460501,301,1043.7783,1043.5877,527,17.600691,37.673306,32.64308411,29.496887,10.70867167,-0.317132377,1.824267908,9742.563962,-0.11765543,1081.951196
el150800460501,302,1043.882,1043.6887,527,17.564494,37.890614,32.79671604,30.011787,10.725065,-0.316986575,1.824351701,9775.283863,-0.117821796,1081.967999
el150800460501,303,1043.8175,1043.6327,527,17.564824,38.165028,32.94469108,29.807835,10.636005,-0.316642904,1.824005929,9808.154566,-0.117981417,1081.984174
el150800460501,304,1043.1499,1042.9964,527,17.707691,37.268448,32.51396654,29.56982,10.74031333,-0.317371361,1.826010792,9840.883895,-0.118173474,1082.0037
el150800460501,305,1043.1918,1042.9738,527,17.59363,37.440441,32.66236585,29.740208,10.65862,-0.317630619,1.826937634,9873.472061,-0.118351487,1082.021857
el150800460501,306,1043.034,1042.8537,527,17.567515,37.329117,32.76038636,29.790577,10.74270167,-0.317865152,1.82779195,9906.183437,-0.118528552,1082.039977
el150800460501,307,1042.6875,1042.4725,527,17.666589,37.759022,32.52515486,29.878094,10.66991833,-0.318468853,1.82944651,9938.826208,-0.118716644,1082.059288
el150800460501,308,1042.6524,1042.4657,527,17.55495,37.718819,32.78713039,30.053085,10.65876167,-0.318777751,1.83041796,9971.48235,-0.118895825,1082.077743
el150800460501,309,1042.5061,1042.3634,527,17.576884,37.490337,32.83940666,29.982367,10.745185,-0.319034961,1.831257498,10004.29562,-0.119073265,1082.096079
el150800460501,310,1042.0734,1041.8555,527,17.638352,38.061153,32.69467018,30.043865,10.75922,-0.319829561,1.83327635,10037.06266,-0.119266811,1082.116143
el150800460501,311,1042.0454,1041.838,527,17.535316,38.076187,32.86803947,30.403269,10.74490167,-0.320307752,1.834553529,10069.84401,-0.119451004,1082.135299
el150800460501,312,1041.6735,1041.5162,527,17.484056,37.497608,32.64617226,29.635191,10.75475667,-0.321185918,1.836704281,10102.60112,-0.119647188,1082.155768
el150800460501,313,1041.5754,1041.3918,527,17.632559,37.785309,32.72616486,30.197428,10.76125667,-0.321887173,1.838421085,10135.28729,-0.119838319,1082.175773
el150800460501,314,1041.4392,1041.2707,527,17.523017,37.600628,32.85212818,30.010262,10.762105,-0.32249716,1.839905093,10168.07643,-0.120026814,1082.195565
el150800460501,315,1041.0031,1040.8142,527,17.577007,37.727303,32.6332553,29.885437,10.764855,-0.323625209,1.842535343,10200.81912,-0.120230793,1082.21705
el150800460501,316,1041.0019,1040.781,527,17.571563,37.902397,32.69809188,30.150347,10.76259167,-0.324369843,1.844254413,10233.4848,-0.120423795,1082.237444
el150800460501,317,1040.7943,1040.6444,527,17.526537,37.671772,32.83735807,30.129843,10.76587833,-0.325161344,1.846051656,10266.25252,-0.120618355,1082.258068
el150800460501,318,1040.3365,1040.1796,527,17.721152,37.820114,32.62829706,29.946936,10.697325,-0.326499364,1.849067303,10298.98535,-0.12082921,1082.280489
el150800460501,319,1040.377,1040.1865,527,17.588954,38.120293,32.86012838,30.332571,10.68496833,-0.327363178,1.850952735,10331.72956,-0.121026642,1082.301548
el150800460501,320,1040.1288,1039.9615,527,17.522037,38.088573,32.90725897,30.315903,10.68541,-0.328344893,1.853077083,10364.61326,-0.121227823,1082.323074
el150800460501,321,1039.7276,1039.571,527,17.70616,38.159695,32.59715197,29.791626,10.69923833,-0.329742697,1.856124935,10397.36546,-0.121441519,1082.346011
el150800460501,322,1039.7958,1039.6011,527,17.596351,38.443272,32.89629353,30.09651,10.762225,-0.33061526,1.857923532,10430.11219,-0.121640318,1082.367415
el150800460501,323,1039.4788,1039.3138,527,17.502373,37.592838,32.76111163,30.491991,10.76735667,-0.331732525,1.860253951,10462.94089,-0.121846647,1082.389699
el150800460501,324,1039.1524,1038.9602,527,17.705081,38.002998,32.5990455,29.903492,10.70878333,-0.333104087,1.863136924,10495.62097,-0.122060834,1082.412902
el150800460501,325,1039.0774,1038.9218,527,17.599024,37.976631,32.84745277,30.158087,10.774545,-0.334231449,1.865415171,10528.34422,-0.122268426,1082.435461
el150800460501,326,1037.5202,1038.6119,527,17.569205,37.699886,32.62770062,29.448637,10.783665,-0.338173699,1.874478468,10561.08179,-0.122552985,1082.466477
el150800460501,327,1038.5818,1038.4214,527,17.709335,37.97823,32.72579006,29.878693,10.71033333,-0.339401837,1.876819412,10593.75854,-0.122766111,1082.489779
el150800460501,328,1038.4551,1038.2627,527,17.661052,38.05616,32.81516839,29.70195,10.69309167,-0.340490108,1.878807289,10626.52902,-0.122975582,1082.512751
el150800460501,329,1037.8239,1037.6937,527,17.565589,37.733303,32.64075268,29.594425,10.766275,-0.342402883,1.882697648,10659.25698,-0.123209342,1082.538465
el150800460501,330,1037.8611,1037.6686,527,17.688727,38.06284,32.73470651,29.856754,10.71126,-0.34382895,1.885388907,10691.94471,-0.123430066,1082.562818
el150800460501,331,1037.8139,1037.6868,527,17.667104,38.486725,32.96473817,30.037575,10.70110833,-0.344957789,1.887355941,10724.79443,-0.123642651,1082.586344
el150800460501,332,1037.0878,1037.0519,527,17.868435,37.714081,32.63680259,29.637598,10.80797,-0.347072936,1.891622611,10757.5952,-0.123884113,1082.613146
el150800460501,333,1037.0542,1036.9619,527,17.713299,37.737782,32.92903417,29.971777,10.72816333,-0.348825563,1.894968119,10790.37812,-0.12411638,1082.639005
el150800460501,334,1036.9742,1036.8313,527,17.767239,37.844719,32.91249206,29.811707,10.80492833,-0.350323824,1.897671153,10823.29888,-0.124342134,1082.664215
el150800460501,335,1036.3576,1036.2458,527,17.809201,37.725029,32.58598344,29.873106,10.74388,-0.352579234,1.902148746,10856.04812,-0.124590108,1082.691988
el150800460501,336,1036.1894,1036.0861,527,17.720457,37.692242,32.74898739,29.99271,10.819695,-0.354718184,1.906288121,10888.7156,-0.124835992,1082.719609
el150800460501,337,1035.925,1035.9221,527,17.690353,37.411072,32.69834294,30.021355,10.82069333,-0.356925387,1.910541655,10921.43927,-0.125084875,1082.74765
el150800460501,338,1035.5777,1035.3895,527,17.759146,37.866123,32.63091149,29.741327,10.75158333,-0.359352521,1.915279048,10954.1039,-0.125341002,1082.776592
el150800460501,339,1035.4604,1035.3328,527,17.703008,37.896069,32.85985129,30.022263,10.73563167,-0.361556408,1.919414652,10986.84928,-0.125592204,1082.805061
el150800460501,340,1035.1688,1035.0518,527,17.713379,37.518303,32.5531294,29.297544,10.82086167,-0.363869253,1.923767366,11019.55577,-0.12584759,1082.83409
el150800460501,341,1034.8974,1034.758,527,17.740145,38.008305,32.71415747,29.986422,10.83686833,-0.36624705,1.928228573,11052.18941,-0.126105998,1082.863549
el150800460501,342,1034.6236,1034.5315,527,17.644435,37.874184,32.9247249,30.189737,10.83125667,-0.368689288,1.932797014,11085.00885,-0.126367452,1082.893442
el150800460501,343,1034.13,1034.0278,527,17.681431,37.924877,32.66877207,29.69932,10.84619833,-0.371600915,1.938479541,11117.8056,-0.126643034,1082.925042
el150800460501,344,1033.999,1033.8539,527,17.719798,38.34893,32.75439104,30.040636,10.75837333,-0.374285195,1.943528662,11150.51718,-0.126914057,1082.956209
el150800460501,345,1033.7785,1033.6733,527,17.655421,38.331993,32.83757901,30.15765,10.83728333,-0.376916386,1.948389665,11183.31317,-0.127185098,1082.987469
el150800460501,346,1033.1289,1033.0818,527,17.882288,37.892658,32.48016345,29.570051,10.78883667,-0.380291202,1.955074562,11215.97204,-0.127477573,1083.021299
el150800460501,347,1033.2177,1033.0931,527,17.726082,38.250156,32.9079335,30.01906,10.761435,-0.383006543,1.960014844,11248.66609,-0.127754274,1083.053396
el150800460501,348,1032.9273,1032.8345,527,17.655144,38.622353,32.91668625,30.182367,10.845,-0.385787115,1.965067643,11281.5784,-0.128034267,1083.085969
el150800460501,349,1032.3063,1032.31,527,17.862266,37.955685,32.54564354,29.487759,10.78877833,-0.389234781,1.971766944,11314.30956,-0.128333687,1083.120901
el150800460501,350,1032.321,1032.3218,527,17.761385,38.220993,32.93732107,29.839884,10.76788833,-0.3921551,1.977046326,11347.05105,-0.128621019,1083.154519
el150800460501,351,1031.9849,1032.039,527,17.691813,37.669559,32.81325169,30.037844,10.76131333,-0.395206039,1.98260576,11379.92633,-0.128913542,1083.188842
el150800460501,352,1031.5174,1031.4068,527,17.85095,37.85323,32.47137194,29.43248,10.882025,-0.398618155,1.989038571,11412.56864,-0.129217457,1083.224602
el150800460501,353,1031.4246,1031.3377,527,17.7717,38.10252,32.85374078,29.680145,10.86200333,-0.401697608,1.994549825,11445.2312,-0.129514487,1083.259652
el150800460501,354,1031.037,1031.0626,527,17.779449,37.543228,32.72210525,29.293022,10.85675333,-0.404983314,2.000540566,11478.01912,-0.129818833,1083.295666
el150800460501,355,1030.6406,1030.5679,527,17.904585,37.728329,32.7313086,29.654303,10.80460167,-0.408480599,2.007024464,11510.74583,-0.13013072,1083.332677
el150800460501,356,1030.4379,1030.3949,527,17.795898,38.047729,32.92628135,29.836515,10.88494667,-0.411831672,2.013065778,11543.57462,-0.130440806,1083.369577
el150800460501,357,1029.7128,1029.713,527,17.858842,37.967117,32.87739711,29.705196,10.87756333,-0.415978306,2.021151802,11576.47646,-0.130773626,1083.409294
el150800460501,358,1029.6681,1029.6239,527,17.850168,37.934834,32.91188726,29.927162,10.81098667,-0.419657862,2.027917561,11609.37111,-0.131096882,1083.447977
el150800460501,359,1029.4654,1029.3906,527,17.825469,38.057755,33.01932697,29.704906,10.80510667,-0.423175187,2.034194753,11642.33671,-0.131418088,1083.486521
el150800460501,360,1028.7783,1028.8005,527,17.937353,37.724361,32.74815975,29.578234,10.81668167,-0.427392861,2.042285964,11675.22046,-0.131759626,1083.52762
el150800460501,361,1028.6337,1028.6049,527,17.82025,37.743073,32.91159052,29.74127,10.82147333,-0.431313078,2.04950339,11708.05033,-0.132096108,1083.568222
el150800460501,362,1028.4463,1028.3924,527,17.866794,37.70879,32.98014096,29.586075,10.81285667,-0.435025039,2.056102296,11740.9962,-0.13242957,1083.608571
el150800460501,363,1027.8647,1027.897,527,17.93292,37.905205,32.69240411,29.703695,10.92849667,-0.439223469,2.06395825,11773.83247,-0.132777946,1083.65084
el150800460501,364,1027.7303,1027.6858,527,17.839571,38.03537,32.93421797,29.809744,10.82897,-0.443102385,2.07088351,11806.64578,-0.133120684,1083.69254
el150800460501,365,1027.413,1027.4738,527,17.863596,37.934372,32.81801013,29.785616,10.82146667,-0.446990608,2.077780464,11839.5219,-0.133466091,1083.73468
el150800460501,366,1026.9673,1026.9275,527,17.905839,38.419052,32.81791418,29.983704,10.93694,-0.451104884,2.085239651,11872.33986,-0.133819814,1083.777952
el150800460501,367,1026.6472,1026.7049,527,17.754218,38.062088,33.07155046,30.114244,10.926,-0.455215867,2.092633025,11905.28459,-0.134176061,1083.821652
el150800460501,368,1026.2182,1026.2724,527,17.81583,37.717094,32.7858348,29.41164,10.94438,-0.459506535,2.100465329,11938.21328,-0.134539558,1083.866362
el150800460501,369,1025.914,1025.9129,527,17.894527,38.216846,32.9347835,30.153543,10.86035167,-0.463751318,2.108113081,11971.07359,-0.134904632,1083.911388
el150800460501,370,1025.5858,1025.6517,527,17.803967,38.094135,33.00607717,30.025858,10.94404667,-0.467989116,2.115687385,12004.04402,-0.135272267,1083.956852
el150800460501,371,1024.9107,1024.9742,527,17.971909,37.922688,32.70107074,29.483826,10.950315,-0.472809139,2.124836802,12036.8976,-0.135657457,1084.004615
el150800460501,372,1024.8829,1024.8663,527,17.943064,38.33514,32.83438355,29.695608,10.95121333,-0.477078444,2.132374376,12069.66532,-0.136031803,1084.051159
el150800460501,373,1024.6127,1024.6214,527,17.879106,38.730434,32.99516983,30.00662,10.85217333,-0.481230975,2.139539283,12102.5801,-0.136405931,1084.0978
el150800460501,374,1023.7612,1023.9248,527,18.042637,38.027485,32.5524657,29.59474,10.986805,-0.486243228,2.149087827,12135.35392,-0.136804681,1084.147644
el150800460501,375,1023.7268,1023.777,527,17.95372,38.119205,32.86808687,29.730762,10.96461167,-0.490699737,2.156989795,12168.06419,-0.137192728,1084.196279
el150800460501,376,1023.2511,1023.2671,527,17.973265,38.123337,32.86593279,29.587145,10.957175,-0.495359178,2.165420588,12200.9312,-0.137588943,1084.24607
el150800460501,377,1022.7355,1022.8153,527,18.089913,38.027435,32.5999377,29.611675,10.99576667,-0.500275631,2.174536152,12233.66414,-0.137994801,1084.297208
el150800460501,378,1022.6022,1022.6498,527,17.983004,38.064957,32.91707755,29.786316,10.90071167,-0.504800391,2.182472733,12266.42265,-0.138394054,1084.347647
el150800460501,379,1022.0845,1022.2164,527,18.034466,37.759109,32.75636205,29.61445,10.89383667,-0.509576923,2.191089852,12299.25937,-0.138802823,1084.399425
el150800460501,380,1021.7174,1021.7735,527,18.034466,38.37426,32.84362165,30.024214,10.92683333,-0.514343793,2.199631662,12332.05936,-0.139214632,1084.451724
el150800460501,381,1021.2346,1021.3341,527,17.925762,38.10751,33.07238298,30.214146,10.99931333,-0.519284881,2.208634251,12365.01736,-0.139634154,1084.505144
el150800460501,382,1020.759,1020.8886,527,17.928552,37.848949,32.84713972,29.613459,11.00962667,-0.5243761,2.218027776,12397.97712,-0.140060899,1084.559625
el150800460501,383,1020.539,1020.5919,527,17.972162,38.198708,32.90091689,30.15424,11.01920667,-0.529191828,2.226564522,12430.85115,-0.140484255,1084.613814
el150800460501,384,1020.1706,1020.225,527,17.909948,38.279453,33.0156781,30.144381,10.93490833,-0.533978865,2.23497848,12463.80945,-0.14091028,1084.668488
el150800460501,385,1019.5062,1019.6121,527,18.11851,38.155846,32.72538182,29.761103,11.03169,-0.539206102,2.244655225,12496.67998,-0.141350836,1084.725172
el150800460501,386,1019.0184,1019.067,527,18.058866,38.105415,32.93317029,29.734409,11.01663333,-0.544567925,2.254685679,12529.50925,-0.141798494,1084.78292
el150800460501,387,1018.9232,1019.0318,527,18.106682,37.807575,32.80742267,29.516502,10.948305,-0.549428981,2.263175884,12562.37955,-0.142237386,1084.839684
el150800460501,388,1018.2195,1018.32,527,18.144395,38.007305,32.59769044,29.767134,11.07838667,-0.554766394,2.273057803,12595.08211,-0.142691845,1084.898612
el150800460501,389,1017.9189,1018.0535,527,18.037997,38.064758,32.98300703,30.04826,10.96769667,-0.559919687,2.282342314,12627.87246,-0.143145576,1084.957597
el150800460501,390,1017.4925,1017.6544,527,18.064175,37.822189,32.99541553,29.869013,11.04938,-0.565089134,2.291640253,12660.86167,-0.143603507,1085.017281
el150800460501,391,1016.9691,1017.1103,527,18.17394,38.04977,32.758715,29.697781,11.07567333,-0.570419107,2.301390784,12693.73873,-0.144069315,1085.078146
el150800460501,392,1016.3686,1016.5133,527,18.033231,38.019226,33.03644398,30.078556,10.98650333,-0.576017448,2.311924824,12726.63631,-0.144545805,1085.140566
el150800460501,393,1016.2563,1016.5241,527,18.049445,37.953808,32.87680411,29.809952,11.07687833,-0.581111487,2.320875566,12759.59294,-0.145013809,1085.202031
el150800460501,394,1015.5903,1015.7083,527,18.112756,38.366486,32.88075384,29.945824,11.09216,-0.586566796,2.330908386,12792.47171,-0.145494807,1085.265362
el150800460501,395,1015.4271,1015.6029,527,18.000294,38.62183,33.07330842,30.105471,11.072435,-0.59159835,2.339608044,12825.44875,-0.145969215,1085.327984
el150800460501,396,1014.5924,1014.871,527,17.960493,37.90667,32.85217192,29.545509,10.99220333,-0.597233316,2.35015264,12858.41149,-0.146462756,1085.393296
el150800460501,397,1014.0661,1013.2456,527,18.1468,38.012482,32.87679867,29.755135,11.10407833,-0.602974564,2.360994884,12891.27597,-0.1469633,1085.459701
el150800460501,398,1013.9738,1014.1308,527,18.139359,38.221615,33.02410574,29.825859,11.09519167,-0.608159219,2.370066592,12924.22642,-0.14745427,1085.525001
el150800460501,399,1013.1497,1013.3669,527,18.183766,37.917202,32.77821507,29.369167,11.00006,-0.613898569,2.380858939,12957.12758,-0.147963332,1085.592875
el150800460501,400,1013.0321,1013.115,527,18.153358,38.21344,32.89392446,29.725916,11.11054333,-0.619113377,2.389973228,12989.96365,-0.14846366,1085.659753
el150800460501,401,1012.7237,1012.8397,527,18.140985,38.68261,33.0298807,29.691471,11.10581833,-0.624108574,2.398390684,13022.92556,-0.148962493,1085.726596
el150800460501,402,1011.7555,1012.0573,527,18.26961,38.134972,32.69104675,29.574568,11.07035167,-0.629845202,2.409144134,13055.78602,-0.149484258,1085.796687
el150800460501,403,1011.3908,1011.5521,527,18.167382,38.247528,32.91555612,29.759705,11.14115,-0.635406236,2.419313286,13088.58932,-0.150006224,1085.866978
el150800460501,404,1010.4281,1010.7496,527,18.155791,37.822525,33.0087602,29.947104,11.14030833,-0.641670525,2.431730056,13121.55148,-0.150550278,1085.940425
el150800460501,405,1009.7718,1009.9441,527,18.268017,38.217827,32.87855922,29.851748,11.17493667,-0.648151775,2.444818409,13154.49514,-0.151104767,1086.015466
el150800460501,406,1009.5111,1009.7169,527,18.151134,38.177006,33.05641701,30.047951,11.164395,-0.654247424,2.456603975,13187.46263,-0.151655081,1086.090125
el150800460501,407,1009.1411,1009.5017,527,18.172748,38.046833,32.87095257,29.744936,11.16669833,-0.660132958,2.467679178,13220.42631,-0.152205211,1086.164943
el150800460501,408,1008.875,1009.0557,527,18.207433,38.388535,32.9091128,29.758453,11.09064833,-0.665667523,2.477597535,13253.31634,-0.152751386,1086.239405
el150800460501,409,1008.3555,1008.552,527,18.231435,38.721962,33.03950431,29.770781,11.17318333,-0.671219398,2.487570463,13286.29065,-0.15330271,1086.314753
el150800460501,410,1007.2633,1007.5973,527,18.154878,37.906372,32.86200749,29.374779,11.17209667,-0.677591195,2.500245089,13319.24141,-0.153879436,1086.393764
el150800460501,411,1006.4642,1006.6483,527,18.255543,38.017967,32.82175048,29.636515,11.1421,-0.684330007,2.514125018,13352.08329,-0.154470646,1086.474957
el150800460501,412,1006.2561,1006.5265,527,18.236946,38.32555,32.92556134,29.664141,11.13616667,-0.690563721,2.526272798,13384.95694,-0.155055178,1086.555428
el150800460501,413,1005.7082,1006.0393,527,18.333524,38.045364,32.79643647,29.38098,11.21423,-0.696793015,2.538391431,13417.81794,-0.155645045,1086.636829
el150800460501,414,1005.0766,1005.3726,527,18.262757,38.257504,33.05059658,29.990129,11.162995,-0.703127237,2.550852281,13450.74146,-0.156243026,1086.71955
el150800460501,415,1004.6262,1004.9118,527,18.276343,38.393589,33.14588325,29.861235,11.16496333,-0.709301863,2.562760855,13483.8397,-0.156842626,1086.802694
el150800460501,416,1003.0477,1003.3318,527,18.453373,38.188545,32.83283548,29.558619,11.21649167,-0.716906157,2.579586396,13516.82906,-0.157482791,1086.891677
el150800460501,417,1003.0712,1003.3551,527,18.356442,38.566135,33.02473732,29.756973,11.27725167,-0.723597419,2.593188659,13549.75784,-0.15810756,1086.978728
el150800460501,418,1003.0351,1003.4308,527,18.313721,38.639526,33.07176832,29.918451,11.26876,-0.729526608,2.604164277,13582.8061,-0.158719224,1087.064157
el150800460501,419,1002.0493,1002.3715,527,18.498005,38.740452,32.90260984,29.708324,11.32047667,-0.736007639,2.617047943,13615.79329,-0.159350369,1087.152518
el150800460501,420,1001.8566,1002.2445,527,18.353919,38.6404,33.13133607,29.757383,11.20374333,-0.741942917,2.628047599,13648.81026,-0.159973673,1087.239988
el150800460501,421,1000.8138,1001.2981,527,18.371131,37.999561,32.92855861,29.852421,11.21693167,-0.748483101,2.641159608,13681.84021,-0.160617951,1087.330617
el150800460501,422,1000.3239,1000.6598,527,18.420225,38.469311,32.8560433,29.870464,11.27680833,-0.754855974,2.653686544,13714.73251,-0.161264179,1087.421735
el150800460501,423,999.46779,999.83019,527,18.300794,38.208599,32.98951415,30.023117,11.34253667,-0.761547717,2.667341145,13747.65529,-0.16192453,1087.515064
el150800460501,424,998.52329,998.95459,527,18.307809,37.887264,32.82650286,29.35429,11.359175,-0.768654902,2.682471348,13780.5633,-0.162601636,1087.610988
el150800460501,425,998.3207,998.65258,527,18.449655,38.381836,32.91983268,29.953632,11.38907667,-0.775161621,2.695450443,13813.43646,-0.163270554,1087.705974
el150800460501,426,997.93917,998.37798,527,18.376177,38.442539,33.04312032,30.1304,11.38764667,-0.781333493,2.707255186,13846.41794,-0.163937294,1087.800873
el150800460501,427,996.49042,996.94508,527,18.380089,38.191151,32.89727765,29.71826,11.40227833,-0.7885631,2.722874242,13879.38814,-0.16463689,1087.900682
el150800460501,428,996.45197,996.88578,527,18.470814,38.626736,33.15062407,30.218765,11.414805,-0.79495801,2.735474276,13912.41209,-0.165322601,1087.998739
el150800460501,429,995.80252,996.21171,527,18.398453,38.713043,33.20121433,30.219425,11.41209667,-0.801342451,2.748059429,13945.58801,-0.166014512,1088.097913
el150800460501,430,994.48508,994.98123,527,18.621119,38.207382,32.76072926,29.721258,11.39424333,-0.808562175,2.763705079,13978.56898,-0.166734091,1088.201293
el150800460501,431,994.31121,994.71229,527,18.501621,38.43903,33.11064844,30.001652,11.36578333,-0.815106611,2.776880447,14011.50467,-0.167443929,1088.303509
el150800460501,432,991.63491,993.16967,527,18.47522,38.605125,33.23078709,30.241444,11.36015167,-0.824262886,2.799843878,14044.67539,-0.168224428,1088.416161
el150800460501,433,992.30611,992.71899,527,18.597564,38.117462,32.83398575,29.827686,11.51543167,-0.831484452,2.815430746,14077.70777,-0.168967359,1088.523639
el150800460501,434,991.85187,992.08444,527,18.494347,38.258659,33.11287288,30.001381,11.505035,-0.838360567,2.829744489,14110.6812,-0.169709134,1088.631196
el150800460501,435,991.1055,991.41401,527,18.478945,37.754009,33.07131136,29.771118,11.41377667,-0.84526484,2.844188121,14143.77329,-0.170458967,1088.740172
el150800460501,436,990.25792,990.57788,527,18.631611,38.139431,32.81642297,29.693308,11.5623,-0.852310765,2.859188105,14176.71716,-0.171219852,1088.851007
el150800460501,437,989.6515,990.01527,527,18.501516,38.398033,33.13265869,29.912706,11.46087333,-0.85918435,2.873564752,14209.6917,-0.171983979,1088.96257
el150800460501,438,988.39766,988.77221,527,18.526124,38.266941,33.20719951,29.870049,11.53538333,-0.866678633,2.890324522,14242.86163,-0.172771445,1089.077802
el150800460501,439,987.89728,988.20913,527,18.631373,38.492867,33.02024304,29.73875,11.58840333,-0.873826836,2.905777042,14275.97535,-0.173558374,1089.193219
el150800460501,440,987.57875,987.98311,527,18.559562,38.718281,33.21823483,29.889597,11.56734833,-0.880425982,2.919172834,14309.09459,-0.174339103,1089.307986
el150800460501,441,986.59801,987.13011,527,18.493518,38.237919,33.17167822,29.259361,11.47615667,-0.887282379,2.93359686,14342.28955,-0.175134081,1089.425112
el150800460501,442,985.78715,986.22149,527,18.710535,38.431534,33.07347522,29.753443,11.54391167,-0.89417213,2.948191023,14375.41213,-0.175937795,1089.543794
el150800460501,443,985.25101,985.63862,527,18.644981,38.591244,33.25165954,29.925014,11.54523,-0.900762632,2.961680535,14408.57469,-0.176741662,1089.662767
el150800460501,444,983.49714,983.97905,527,18.700864,38.324944,33.00217948,29.572422,11.65595,-0.908487543,2.979629379,14441.70161,-0.177582607,1089.787507
el150800460501,445,983.14393,983.55114,527,18.671384,38.717503,33.13102209,29.992186,11.60320167,-0.915629104,2.995308141,14474.76821,-0.178417574,1089.911639
el150800460501,446,982.49012,983.04099,527,18.595502,38.729542,33.29805368,30.134968,11.69925667,-0.922564784,3.010223217,14507.98275,-0.179255666,1090.036514
el150800460501,447,981.41098,982.07462,527,18.837688,38.079113,32.78045371,29.378033,11.67887167,-0.929783207,3.026298816,14541.022,-0.18010952,1090.164023
el150800460501,448,980.6692,981.15271,527,18.681785,38.260818,33.07472827,29.869598,11.750845,-0.936872004,3.041904386,14573.9496,-0.180968744,1090.29262
el150800460501,449,979.74688,980.10969,527,18.690599,38.581985,33.25324537,29.926989,11.67585333,-0.944032049,3.057841198,14607.11358,-0.181838552,1090.423091
el150800460501,450,978.66392,979.27308,527,18.845893,38.515064,32.91545364,29.760807,11.83432833,-0.951429794,3.074774935,14640.19793,-0.182723454,1090.556122
el150800460501,451,977.76461,978.16992,527,18.688044,38.526779,33.28157433,30.108282,11.71823833,-0.958833139,3.091772556,14673.29645,-0.183617727,1090.690859
el150800460501,452,976.96161,977.55522,527,18.659484,38.333755,33.27741996,30.424404,11.74039833,-0.966121948,3.108352204,14706.57594,-0.184518332,1090.82685
el150800460501,453,976.13883,976.71807,527,18.851731,38.504524,33.06120332,29.867399,11.80307833,-0.97331323,3.124588223,14739.74525,-0.185425682,1090.964162
el150800460501,454,974.90364,975.38674,527,18.739894,38.690712,33.34737912,30.146416,11.85801,-0.98085504,3.142305849,14772.94955,-0.186351584,1091.104591
el150800460501,455,973.97208,974.55603,527,18.710097,38.213104,33.24822865,30.206078,11.88044333,-0.988381667,3.160006076,14806.24735,-0.18728688,1091.246756
el150800460501,456,972.77331,973.3001,527,18.841574,38.533821,33.13526507,30.013906,11.939085,-0.996174622,3.178852093,14839.4391,-0.188239046,1091.391803
el150800460501,457,972.18353,972.80681,527,18.766582,38.542946,33.31704274,30.143406,11.850675,-1.003541965,3.195978526,14872.66525,-0.189190276,1091.537024
el150800460501,458,970.92783,971.57878,527,18.756263,38.360313,33.1418946,29.487034,11.95373,-1.011214362,3.214429869,14905.89472,-0.190159538,1091.685321
el150800460501,459,969.81502,970.3961,527,18.904267,38.342617,33.07848517,29.705696,11.93486833,-1.019008522,3.233439994,14939.00491,-0.191142405,1091.836027
el150800460501,460,968.80913,969.34158,527,18.858291,38.760838,33.34243458,29.985422,11.91808,-1.026789118,3.252440637,14972.21537,-0.192135559,1091.988642
el150800460501,461,967.57144,968.33491,527,18.794827,38.153938,33.15412091,29.625057,12.02198,-1.034790499,3.272425635,15005.46365,-0.193145298,1092.144142
el150800460501,462,966.9171,967.65643,527,18.952191,38.58028,33.14687799,29.942148,12.01415,-1.042368509,3.290660495,15038.61415,-0.194154917,1092.299959
el150800460501,463,966.04151,966.7806,527,18.876858,38.550156,33.39127444,30.074194,12.09754833,-1.049768862,3.308207399,15071.88322,-0.19517054,1092.457042
el150800460501,464,964.5732,965.33638,527,19.041773,38.321117,33.11750792,29.620373,12.11132167,-1.057600831,3.327668611,15105.13761,-0.196208491,1092.617925
el150800460501,465,963.48089,964.21564,527,18.965695,38.596756,33.35323057,30.051311,12.07811333,-1.06543827,3.347211622,15138.37298,-0.197257919,1092.780936
el150800460501,466,962.53985,963.20838,527,18.940508,38.666313,33.47678683,30.41473,12.07139833,-1.073111637,3.36610799,15171.78799,-0.198314399,1092.945395
el150800460501,467,961.1752,962.0319,527,19.103806,38.167522,33.02978014,29.76445,12.19371333,-1.08104743,3.386211249,15205.04128,-0.199389383,1093.113092
el150800460501,468,958.90307,960.88713,527,18.942939,38.375225,33.33665203,30.276073,12.25258333,-1.090159146,3.411549873,15238.22449,-0.200507304,1093.287861
el150800460501,469,959.1527,959.94306,527,18.936528,38.438808,33.39169726,30.073196,12.19387,-1.097775193,3.430308623,15271.58867,-0.201598732,1093.458851
el150800460501,470,957.7018,958.57406,527,19.106086,38.354759,32.96641622,29.866102,12.39780167,-1.105691391,3.450466967,15304.76772,-0.202710147,1093.633343
el150800460501,471,956.39151,957.15994,527,18.981688,38.390141,33.33974926,30.071335,12.34385167,-1.113736329,3.471266391,15337.92081,-0.203837356,1093.810691
el150800460501,472,955.35314,956.24822,527,18.983111,38.400616,33.28616204,29.962597,12.36339333,-1.121618496,3.491411957,15371.23376,-0.204972725,1093.9897
el150800460501,473,954.26559,955.18094,527,19.164035,38.208237,32.90656793,29.673456,12.37465167,-1.129381284,3.511104594,15404.33013,-0.206117372,1094.170555
el150800460501,474,953.19819,954.07814,527,19.041605,38.445202,33.24124019,30.184874,12.42433167,-1.1369981,3.53023166,15437.40403,-0.207270542,1094.35314
el150800460501,475,951.98113,953.04799,527,18.987173,37.71381,33.15738027,30.128511,12.47544667,-1.144605746,3.54941106,15470.60334,-0.208436004,1094.53806
el150800460501,476,950.30355,951.03377,527,19.171964,38.472572,33.09306361,29.716213,12.49462167,-1.152627093,3.570549928,15503.72856,-0.209625661,1094.727215
el150800460501,477,949.22042,950.21421,527,19.105915,38.542152,33.47269757,30.279415,12.54493,-1.160458741,3.590907452,15537.01144,-0.210823402,1094.918055
el150800460501,478,947.6577,948.62473,527,19.046122,37.905918,33.36767504,30.059721,12.50485167,-1.168547466,3.612525308,15570.43163,-0.212041598,1095.112561
el150800460501,479,946.22421,947.17866,527,19.220337,38.369358,33.18147741,30.028433,12.684755,-1.176740441,3.634701181,15603.70621,-0.213276473,1095.310141
el150800460501,480,945.44202,946.50221,527,19.119162,38.325764,33.38743761,30.109247,12.65862,-1.184411166,3.654555794,15636.99066,-0.214510762,1095.508038
el150800460501,481,944.13394,945.15842,527,19.28949,38.030807,33.24331208,29.706169,12.616365,-1.192059718,3.67441166,15670.30604,-0.215758018,1095.708431
el150800460501,482,942.49851,943.43311,527,19.28949,38.498947,33.24355796,30.112225,12.69726,-1.199967849,3.69557261,15703.54947,-0.217026402,1095.912641
el150800460501,483,941.58083,942.75904,527,19.184727,38.348083,33.40290254,30.214977,12.771815,-1.207458391,3.714892227,15736.8727,-0.218297078,1096.117643
el150800460501,484,939.32545,940.2138,527,19.170363,37.982731,33.328123,30.018131,12.82453,-1.215736366,3.73800326,15770.23822,-0.219604134,1096.328951
el150800460501,485,938.53813,939.63087,527,19.311113,38.315556,33.26738536,30.204554,12.93200333,-1.223428378,3.758443108,15803.53597,-0.220909539,1096.540426
el150800460501,486,937.42037,938.54332,527,19.215172,38.392784,33.55644553,30.310205,12.84195833,-1.230851427,3.777732005,15836.94789,-0.222221629,1096.753422
el150800460501,487,936.35482,937.51711,527,19.270705,38.449497,33.49723591,29.970091,12.84084833,-1.23796464,3.795691683,15870.47473,-0.223538911,1096.9677
el150800460501,488,934.87215,936.09482,527,19.407479,38.700092,33.32886584,30.104939,13.05165667,-1.245126318,3.814016102,15903.88778,-0.224871722,1097.184948
el150800460501,489,933.29823,934.4365,527,19.338127,38.428089,33.61105937,30.467873,13.02921167,-1.252394379,3.83297723,15937.35774,-0.226222027,1097.405498
el150800460501,490,931.85252,933.13056,527,19.216187,37.967842,33.33659503,29.983377,13.06144667,-1.259638903,3.851955856,15970.83157,-0.227586278,1097.62878
el150800460501,491,930.57859,931.73963,527,19.435572,38.279057,33.24201871,30.036758,13.156835,-1.266703579,3.870209183,16004.12087,-0.228959914,1097.854057
el150800460501,492,929.47543,930.72659,527,19.357167,38.619827,33.44124709,29.89768,13.14775333,-1.273447131,3.887072793,16037.46251,-0.230338491,1098.080603
el150800460501,493,927.92678,929.0815,527,19.455699,38.098377,33.46616096,30.319214,13.21911333,-1.280233679,3.904294082,16070.91621,-0.231732836,1098.310205
el150800460501,494,926.38725,927.68532,527,19.541485,38.162022,33.21443933,30.113413,13.31876833,-1.287037764,3.921748622,16104.25651,-0.233142404,1098.542784
el150800460501,495,924.45296,925.48978,527,19.436399,38.396046,33.4653802,30.030478,13.43738,-1.294155982,3.940864488,16137.59642,-0.234576528,1098.779892
el150800460501,496,923.6986,925.05455,527,19.562135,38.042789,33.29000622,30.007166,13.37693,-1.300626213,3.956983043,16170.97411,-0.236006024,1099.016712
el150800460501,497,922.08058,923.35296,527,19.673223,38.348804,33.10146947,29.844036,13.60369667,-1.307145771,3.973501208,16204.16985,-0.237451835,1099.256717
el150800460501,498,920.67218,922.0342,527,19.488858,37.855606,33.35314294,29.82897,13.52905667,-1.313536619,3.989553404,16237.39716,-0.238908568,1099.49902
el150800460501,499,919.37995,920.68744,527,19.506922,37.694004,33.12545628,29.596113,13.691235,-1.319705798,4.004692476,16270.63646,-0.240373186,1099.743123
el150800460501,500,918.10441,919.38949,527,19.689899,38.325554,33.11971665,29.724716,13.88655833,-1.325642602,4.018874548,16303.75904,-0.241845093,1099.988931
el150800460501,501,916.51577,917.71579,527,19.65972,38.78532,33.59596506,30.113092,13.84834333,-1.331577211,4.033224535,16337.11688,-0.243331573,1100.237669
el150800460501,502,915.02792,916.70924,527,19.550163,37.946884,33.55048528,30.106165,13.92486333,-1.337422793,4.047316056,16370.69011,-0.244829928,1100.488893
el150800460501,503,913.46204,914.75379,527,19.748248,37.983368,33.18918556,29.917912,14.18409333,-1.343226967,4.061381959,16404.05995,-0.246341748,1100.742879
el150800460501,504,911.99952,913.1766,527,19.597968,38.632935,33.39753379,29.755852,14.15094667,-1.348905509,4.075007848,16437.3533,-0.247864311,1100.999177
el150800460501,505,910.51763,911.91268,527,19.803861,37.939804,33.4192899,30.238586,14.13116333,-1.354466793,4.088236672,16470.76172,-0.249397831,1101.257831
el150800460501,506,908.94258,909.42848,527,19.813892,38.372883,33.19953141,29.755955,14.540575,-1.359969339,4.101357379,16504.07113,-0.250944243,1101.519174
el150800460501,507,907.92662,909.26862,527,19.819016,38.737484,33.46633812,30.11614,14.47559667,-1.365025496,4.112462503,16537.40406,-0.252490249,1101.780965
el150800460501,508,906.32457,907.96769,527,19.791197,37.824169,33.50751502,30.313173,14.43228,-1.370045413,4.123587984,16570.89099,-0.254049381,1102.045498
el150800460501,509,904.54304,905.74718,527,19.943731,38.303493,33.19251963,29.795027,14.77619333,-1.375137155,4.135263666,16604.24101,-0.255625513,1102.31344
el150800460501,510,903.59998,904.87623,527,19.90051,38.354774,33.37261737,30.239635,14.88919833,-1.379738202,4.144704159,16637.52357,-0.257199001,1102.581457
el150800460501,511,902.07106,903.43302,527,19.79281,38.28973,33.50950405,30.06402,14.91374667,-1.384246871,4.153896771,16670.96464,-0.25878325,1102.851836
el150800460501,512,900.68483,902.24117,527,20.046048,38.288155,33.16972996,29.830641,15.22643333,-1.388568307,4.162371948,16704.30425,-0.260374761,1103.123984
el150800460501,513,899.40447,900.73329,527,19.930867,38.530254,33.57243388,30.258404,15.37351833,-1.39263947,4.169822711,16737.67533,-0.261970939,1103.397463
el150800460501,514,897.54921,899.08409,527,19.902315,38.529018,33.6769739,30.264732,15.43955833,-1.396817235,4.178018163,16771.30004,-0.263584672,1103.674487
el150800460501,515,895.82086,897.36462,527,20.193215,38.055809,33.16198295,29.955727,15.93014167,-1.401006692,4.186477624,16804.71952,-0.265212749,1103.954516
el150800460501,516,894.53691,896.09015,527,19.963812,38.647152,33.5436266,30.065248,16.00854333,-1.404929978,4.193813684,16838.07232,-0.26684488,1104.235787
el150800460501,517,893.19783,894.59604,527,20.112386,38.030106,33.69550017,30.565962,16.24319333,-1.408628524,4.200241371,16871.69188,-0.268482166,1104.518491
el150800460501,518,891.57569,893.09549,527,20.134132,38.366131,33.19501245,29.651098,16.79681833,-1.412271698,4.206607074,16905.13714,-0.270130771,1104.8037
el150800460501,519,890.65719,892.24529,527,20.168021,38.406956,33.40567398,30.181534,17.08336,-1.415453845,4.210894421,16938.43748,-0.271774804,1105.088666
el150800460501,520,888.89456,890.39028,527,20.175327,38.427605,33.60802088,30.154509,17.28725667,-1.418670385,4.215579343,16971.94433,-0.273432959,1105.376632
el150800460501,521,887.27945,888.82232,527,20.442033,38.037025,33.42681565,29.867743,17.87650167,-1.421828081,4.220189774,17005.46175,-0.275101691,1105.666991
el150800460501,522,885.90777,887.43162,527,20.318085,38.437531,33.40445707,30.135979,18.58891667,-1.424789038,4.224035708,17038.87739,-0.276775415,1105.958777
el150800460501,523,884.8533,886.6151,527,20.338263,38.245392,33.49745417,30.389776,19.253745,-1.427389811,4.226311112,17072.32834,-0.278447038,1106.250754
el150800460501,524,883.30144,884.77165,527,20.515336,38.0415,33.30012876,29.447092,20.16272,-1.429909309,4.228412808,17105.72713,-0.280127367,1106.544812
el150800460501,525,881.47062,882.88254,527,20.488523,38.524319,33.26521028,30.046986,21.57555167,-1.432489525,4.231042219,17139.0098,-0.281822257,1106.841982
el150800460501,526,880.61911,882.65955,527,20.512594,38.055344,33.52290293,30.377941,22.78221333,-1.434618022,4.231643794,17172.40386,-0.283510218,1107.138501
el150800460501,527,879.31305,881.03473,527,20.713858,37.78915,33.23995933,29.927254,25.82302333,-1.436549046,4.231499701,17205.78529,-0.285201083,1107.436093
el150800460501,528,878.40372,880.38331,527,20.675862,38.380928,33.19513236,30.111433,32.69996167,-1.438097086,4.229699777,17239.00284,-0.286886214,1107.733238
el150800460501,529,876.86729,878.73918,527,20.727178,38.398426,33.43352375,30.053612,20,-1.439583798,4.227843515,17272.31716,-0.288579044,1108.032305
el150800460501,530,875.34255,877.12175,527,20.847106,38.246964,33.20585881,29.468338,20,-1.441001431,4.225886981,17305.63686,-0.290279137,1108.333221
el150800460501,531,873.74318,875.57769,527,20.732291,38.212429,33.21282642,30.098185,20,-1.442383213,4.223988916,17338.8462,-0.291987897,1108.636241
el150800460501,532,872.19733,874.02421,527,20.746192,38.08046,33.37011314,30.088959,20,-1.443700683,4.222002106,17372.13767,-0.293703989,1108.941133
el150800460501,533,870.69827,872.40553,527,20.894244,38.183186,33.25482387,29.499836,20,-1.44493082,4.219807887,17405.45014,-0.295426244,1109.247695
el150800460501,534,869.16137,870.87935,527,20.903615,38.040531,33.18351357,29.810755,20,-1.446090652,4.217486944,17438.66931,-0.297155294,1109.556042
el150800460501,535,867.69801,869.48991,527,20.872019,38.251007,33.26607501,29.933434,20,-1.44714655,4.214868765,17471.8941,-0.298889426,1109.865874
el150800460501,536,866.17231,867.96546,527,21.083331,37.892525,33.05428581,29.252195,20,-1.448127265,4.212093326,17505.05428,-0.300629792,1110.177399
el150800460501,537,864.62247,866.43857,527,21.014785,38.473995,33.13852115,29.570784,20,-1.449042822,4.209206434,17538.15068,-0.302376728,1110.490683
el150800460501,538,863.2229,865.01789,527,20.825334,38.802681,33.44860158,29.93474,20,-1.449828282,4.205882824,17571.44424,-0.304126956,1110.805141
el150800460501,539,861.59384,863.3517,527,20.947969,38.049824,33.40317948,29.945456,20,-1.450583776,4.202617406,17604.87014,-0.305885086,1111.121604
el150800460501,540,860.10355,861.95475,527,20.876346,38.172806,33.31212462,30.220394,20,-1.451248622,4.199103986,17638.22779,-0.307648079,1111.43953
el150800460501,541,858.62392,860.41188,527,20.927593,38.202541,33.38952236,30.107428,20,-1.451819682,4.195324828,17671.57861,-0.309415572,1111.758858
el150800460501,542,857.11467,858.87039,527,21.187797,37.832096,33.17258297,29.475904,20,-1.452310493,4.191344934,17704.85966,-0.311188032,1112.079673
el150800460501,543,855.67319,857.51545,527,20.993523,38.192791,33.22847462,30.01861,20,-1.452694879,4.187032292,17738.06019,-0.312963938,1112.401704
el150800460501,544,853.00738,856.02349,527,20.99691,38.313122,33.31532158,30.056915,20,-1.453460984,4.184807204,17771.33209,-0.314767944,1112.729432
el150800460501,545,852.60087,854.42811,527,21.152427,37.99765,33.05742858,29.583466,20,-1.453692704,4.180094154,17804.51847,-0.316554012,1113.054496
el150800460501,546,851.14199,853.13028,527,20.965487,38.010685,33.20859038,30.133877,20,-1.453829452,4.175099775,17837.65148,-0.318343473,1113.380774
el150800460501,547,849.51961,851.32778,527,21.117514,38.156544,33.260998,29.807913,20,-1.453935166,4.170138239,17870.88627,-0.320139479,1113.708845
el150800460501,548,847.91958,849.76774,527,21.244261,37.918888,32.93657363,29.313524,20,-1.4539996,4.165153856,17903.98506,-0.321941418,1114.0386
el150800460501,549,846.54188,848.41436,527,21.090604,38.207165,33.09702058,29.952684,20,-1.453939842,4.159733062,17937.00185,-0.323744715,1114.369204
el150800460501,550,844.96015,846.86142,527,21.070383,38.044132,33.16628994,30.0667,20,-1.453834486,4.154264441,17970.13351,-0.325553316,1114.701384
el150800460501,551,843.24366,845.12591,527,21.286074,38.205612,32.94576407,29.430702,20,-1.453731241,4.148979538,18003.18953,-0.327369734,1115.035605
el150800460501,552,841.95417,843.79095,527,21.151964,38.485126,33.14393863,29.843735,20,-1.453475233,4.143107879,18036.23439,-0.329185391,1115.370291
el150800460501,553,840.42865,842.36801,527,21.100126,38.752647,33.38450977,29.959015,20,-1.45315567,4.137092297,18069.49861,-0.331004848,1115.706284
el150800460501,554,838.52023,840.50506,527,21.371322,37.989746,32.93267139,29.654819,20,-1.452905533,4.131585734,18102.6572,-0.332835454,1116.044946
el150800460501,555,837.12703,839.17397,527,21.244766,38.443745,33.09966498,29.828173,20,-1.452541195,4.125672729,18135.67337,-0.334666958,1116.384385
el150800460501,556,835.46537,837.35532,527,21.189485,38.327427,33.16086293,29.971399,20,-1.452157457,4.11982162,18168.80363,-0.336504477,1116.725551
el150800460501,557,833.73731,835.7147,527,21.412248,37.971554,32.83368628,29.666029,20,-1.451774657,4.114128149,18201.80091,-0.338349137,1117.068658
el150800460501,558,832.27527,834.25188,527,21.270018,38.293385,33.19279638,30.026787,20,-1.45130197,4.108138922,18234.81415,-0.340195648,1117.412724
el150800460501,559,830.82563,832.83359,527,21.246694,38.289276,33.242252,30.131626,20,-1.450738341,4.101848948,18268.03167,-0.342043675,1117.757689
el150800460501,560,829.03063,830.99908,527,21.377545,38.006519,32.87590392,29.86795,20,-1.450197675,4.095818943,18301.09075,-0.343899722,1118.10477
el150800460501,561,827.5426,829.50461,527,21.283945,37.93119,32.99457269,29.973564,20,-1.449578257,4.089541604,18334.02599,-0.345757762,1118.452843
el150800460501,562,825.85847,827.83818,527,21.299472,37.96888,33.07922326,29.990805,20,-1.448943952,4.083330784,18367.06289,-0.347621415,1118.802588
